anime_id,num_views
1,10175
5,4530
6,5824
7,1134
8,196
15,1428
16,2269
17,324
18,1185
19,3084
20,13405
21,197
22,1663
23,40
24,3602
25,1103
26,1289
27,1890
28,997
29,150
30,12510
31,3651
32,8815
33,3750
43,6284
44,3106
45,3761
46,943
47,6466
48,2385
49,888
50,1954
51,812
52,925
53,1319
54,1417
55,174
56,245
57,2945
58,663
59,5779
60,2539
61,2454
62,1194
63,2308
64,3384
65,2388
66,4092
67,1544
68,2942
69,97
71,5811
72,4711
73,4157
74,1017
75,516
76,2053
77,1677
79,3762
80,1439
81,1236
82,959
83,349
84,733
85,967
86,565
87,802
88,543
89,342
90,2219
91,1013
92,433
93,2632
94,1880
95,476
96,976
97,2186
98,1646
99,908
100,684
101,4632
102,1307
103,103
104,533
105,260
106,375
107,451
108,249
109,903
110,175
111,210
112,170
113,393
114,2049
115,155
116,204
117,266
118,162
119,694
120,4637
121,12714
122,1006
123,900
124,286
125,611
126,514
127,282
128,174
129,521
130,341
131,227
132,1255
133,1795
134,2161
135,1286
136,3268
137,1787
138,1914
139,1792
141,145
142,628
143,1019
144,908
145,1588
146,969
147,2189
148,104
149,1543
150,3270
151,396
152,428
153,1034
154,3495
155,737
156,1021
157,1903
158,702
159,207
160,1330
161,660
162,393
163,161
164,9414
165,1445
166,1432
167,1125
168,1252
169,2291
170,1484
171,51
173,396
174,2181
175,361
176,148
177,2558
178,435
179,140
180,1323
181,1051
182,1737
183,155
184,302
185,1762
186,1464
187,1302
188,36
189,3889
190,2130
191,1598
192,1485
193,1480
194,806
195,2759
196,1668
197,402
198,1141
199,13975
200,209
201,419
202,2747
203,122
204,435
205,8234
206,275
207,632
208,1424
209,1001
210,1888
211,74
212,242
213,33
214,33
215,37
216,35
217,39
218,641
219,335
220,31
221,516
222,284
223,7367
225,5829
226,13808
227,9082
228,2948
229,568
230,360
231,82
232,4256
233,211
234,60
235,56
236,180
237,4849
238,675
239,2075
240,2962
241,1952
242,584
243,1416
244,76
245,4754
246,1003
247,161
248,1715
249,4791
250,911
251,750
252,457
253,477
254,319
255,262
256,3316
257,2017
258,263
259,227
260,429
261,255
262,156
263,2889
264,1667
265,1451
266,203
267,1451
268,3265
269,7952
270,5987
271,142
272,1169
273,289
274,737
275,454
276,942
277,635
278,186
279,373
280,10
281,442
282,110
283,214
284,157
285,210
286,93
287,444
288,2023
289,338
290,751
291,726
292,285
293,408
294,147
295,95
296,259
297,841
298,1304
299,705
300,353
301,100
302,365
303,313
304,832
305,73
306,1162
307,14
308,163
309,42
310,32
311,95
312,11
313,56
314,14
315,50
316,84
317,4558
318,474
319,162
320,937
321,260
322,1759
323,3391
324,296
325,795
326,787
327,182
328,112
329,1942
330,2406
331,118
332,45
333,43
334,307
335,542
336,117
337,163
338,621
339,5094
340,264
341,737
342,251
343,888
344,174
345,456
346,218
347,93
348,299
349,58
350,599
351,305
352,253
353,188
354,148
355,7198
356,9220
357,3635
358,467
359,125
360,70
361,90
362,63
363,55
364,101
365,289
366,480
367,43
368,760
369,868
370,152
371,2035
372,2163
373,153
374,57
375,72
376,4098
377,160
378,97
379,1319
380,361
381,314
382,611
383,408
384,3278
385,265
386,73
387,2868
388,212
389,1112
390,1465
391,456
392,3738
393,898
394,937
395,2394
396,565
397,483
398,399
399,70
400,1552
401,1388
402,37
403,508
404,529
405,2108
406,167
407,324
408,1505
411,875
412,1478
413,1822
415,563
416,2564
417,769
418,508
419,632
420,446
421,178
422,81
423,89
424,193
425,114
426,201
427,884
428,371
429,304
430,6056
431,10032
432,263
433,3199
434,144
435,809
437,3866
438,288
439,153
440,1686
441,997
442,4114
443,1249
444,501
445,274
446,103
447,178
448,957
449,1364
450,1621
451,1484
452,1547
454,513
455,273
456,252
457,5468
458,105
459,1827
460,1609
461,1504
462,1562
463,1458
464,1498
465,1313
466,853
467,4121
468,2912
469,2180
470,323
471,319
472,384
473,117
474,784
475,123
476,679
477,1980
478,1146
479,1194
481,4026
482,2236
483,267
484,144
485,198
486,2344
487,1518
488,1436
489,793
490,893
491,18
492,284
493,223
495,156
496,68
497,418
498,67
499,232
501,246
502,1177
503,90
504,203
505,87
506,57
507,546
508,752
509,575
510,43
511,58
512,5446
513,4899
514,977
515,86
516,285
517,1487
518,39
519,439
520,130
521,573
522,1459
523,8133
524,812
525,131
526,160
527,5474
528,4979
529,1245
530,3379
531,1011
532,1852
533,111
534,1549
535,1068
536,581
537,363
538,593
539,843
540,568
541,394
543,1636
544,155
545,31
546,155
547,56
548,639
550,2730
551,307
552,6031
553,600
554,411
555,251
556,135
557,173
558,872
559,191
560,286
561,222
562,44
563,569
564,761
565,1470
566,539
567,1099
568,427
569,399
570,1979
571,38
572,4721
573,448
574,61
576,597
577,132
578,5356
579,728
580,200
581,177
582,97
584,1046
585,2914
586,823
587,1891
588,328
589,197
590,487
591,1143
592,27
593,474
594,1795
595,352
596,1271
597,3035
598,146
599,66
600,181
601,1310
602,24
603,520
604,132
605,48
606,165
607,47
608,93
609,412
610,399
611,27
612,98
613,65
614,109
615,341
616,27
617,1437
618,391
619,82
620,262
621,206
622,188
623,35
624,292
625,35
626,103
627,967
629,145
630,123
631,286
632,149
633,102
634,987
635,249
636,147
637,339
641,515
642,536
644,848
645,417
646,58
647,56
648,134
649,383
650,506
651,543
652,226
653,201
654,95
655,140
656,1381
658,1353
659,1234
660,61
661,45
664,801
665,704
666,730
667,862
668,201
669,328
670,637
671,133
673,331
675,59
676,32
677,28
678,132
679,94
681,54
682,160
683,38
684,72
685,174
686,65
687,1282
688,429
689,210
690,280
691,74
692,18
693,131
694,440
695,167
696,1000
704,367
705,88
706,177
707,87
708,57
709,244
710,2275
711,67
712,260
713,1392
714,22
715,89
718,111
719,469
721,1598
722,105
723,60
724,357
725,65
727,7
729,27
730,130
731,1430
732,1004
733,151
734,104
736,251
738,453
740,2124
741,742
743,864
744,44
746,750
747,344
748,73
749,25
750,194
751,35
752,161
753,80
754,29
755,241
756,846
757,62
758,377
759,3150
760,440
761,1678
762,2541
763,810
764,554
765,73
766,206
767,150
769,180
770,2134
771,75
773,61
776,123
777,5278
779,1207
780,1061
781,1042
782,173
783,79
785,581
786,101
788,631
789,859
790,4548
791,92
792,467
793,1321
795,231
796,31
797,241
798,164
799,75
800,399
801,2885
807,1051
808,98
810,36
811,485
812,395
813,9000
814,419
815,548
816,144
817,158
818,170
819,839
820,1114
821,419
822,548
823,65
824,117
825,319
827,82
828,34
830,308
831,275
832,20
833,226
834,2370
835,127
836,286
837,814
838,446
839,49
840,306
841,387
842,98
844,150
845,772
846,2565
848,65
849,12744
850,680
851,115
852,72
853,8822
854,327
855,1521
856,1705
857,4159
858,38
859,1215
860,718
861,2862
863,544
864,263
865,25
866,418
867,395
868,422
869,433
870,411
872,340
873,1173
874,3358
875,1059
876,334
877,2762
878,428
879,491
880,1075
881,646
882,505
883,536
884,381
885,1104
886,963
887,122
888,394
889,7596
890,181
891,1027
892,991
893,1000
894,2185
895,2010
896,2143
897,1944
898,2195
899,2105
900,1950
901,2392
902,1870
903,2038
904,1888
905,2071
906,1858
907,882
908,1439
909,205
910,331
911,118
912,33
913,35
914,123
915,149
916,601
917,319
918,3775
919,133
920,186
921,197
924,38
925,52
926,38
927,125
928,117
929,48
930,116
932,357
933,543
934,7422
935,1206
936,3188
937,470
938,119
940,994
941,424
942,177
943,113
944,255
949,2115
950,278
951,117
952,80
953,899
956,20
957,578
958,195
959,61
960,33
961,104
962,1223
963,1087
964,123
965,65
966,107
967,539
968,26
969,1868
970,103
971,307
972,477
974,1449
975,619
976,438
977,101
978,196
979,337
980,51
981,687
982,223
983,67
984,834
985,1659
986,1814
987,1281
988,6
989,17
990,797
991,115
992,259
993,132
994,73
995,889
996,1353
997,887
998,274
999,107
1000,274
1001,48
1002,1680
1003,576
1004,2627
1005,211
1006,487
1007,488
1008,358
1009,89
1010,338
1011,352
1012,36
1014,119
1015,1695
1016,673
1017,380
1018,184
1019,201
1020,114
1021,80
1022,98
1023,1201
1024,83
1025,292
1026,53
1027,42
1028,187
1029,1254
1030,1154
1031,67
1032,112
1033,2153
1034,693
1035,27
1036,94
1037,97
1038,44
1039,81
1040,18
1041,166
1042,181
1043,403
1044,137
1045,296
1046,190
1047,656
1048,306
1049,192
1050,648
1051,795
1052,23
1053,66
1055,389
1056,128
1057,98
1058,21
1059,68
1060,448
1062,219
1064,172
1065,214
1066,1323
1067,467
1068,22
1069,85
1070,52
1071,57
1072,735
1074,1461
1075,53
1076,36
1078,800
1079,408
1080,247
1081,84
1082,138
1083,34
1084,199
1085,201
1086,265
1087,320
1088,998
1089,804
1090,759
1091,622
1092,589
1094,790
1095,631
1096,452
1097,149
1098,148
1099,30
1100,39
1101,333
1102,99
1103,151
1104,124
1105,186
1106,230
1107,388
1108,197
1109,251
1110,417
1111,159
1112,168
1113,41
1115,57
1116,91
1117,3926
1118,3666
1119,2862
1120,2183
1121,2074
1122,2109
1123,116
1124,261
1126,134
1127,224
1128,148
1129,65
1130,155
1132,2532
1133,380
1135,285
1136,131
1137,260
1138,1144
1139,5
1140,1421
1141,88
1142,1743
1143,623
1144,352
1145,59
1146,382
1147,238
1148,87
1149,166
1150,64
1151,232
1152,140
1153,109
1154,14
1155,37
1156,157
1157,435
1158,38
1159,23
1160,79
1161,67
1162,62
1163,85
1164,224
1165,90
1166,59
1167,64
1168,123
1169,61
1170,451
1171,444
1172,902
1174,380
1175,30
1176,30
1177,664
1178,72
1179,34
1180,94
1181,134
1182,176
1183,66
1184,233
1185,93
1186,117
1187,281
1188,37
1189,58
1190,431
1191,254
1192,872
1193,60
1194,254
1195,9166
1196,225
1198,312
1199,5
1200,25
1202,405
1203,132
1204,267
1205,763
1206,137
1207,96
1208,62
1209,222
1210,7631
1211,331
1212,633
1214,297
1215,480
1216,170
1217,137
1218,890
1219,318
1220,308
1221,236
1222,1934
1223,439
1224,145
1225,219
1226,67
1227,40
1228,72
1230,426
1231,244
1232,163
1233,96
1234,84
1235,188
1236,10
1237,692
1238,633
1239,1502
1240,736
1241,564
1243,275
1244,22
1245,123
1246,118
1247,39
1248,212
1249,155
1250,1301
1251,547
1252,118
1253,761
1254,1641
1255,379
1256,447
1257,874
1258,392
1259,485
1260,357
1261,146
1262,227
1263,105
1264,239
1265,46
1266,32
1267,29
1268,56
1269,165
1270,210
1271,52
1272,132
1273,72
1274,49
1275,31
1276,89
1277,74
1278,457
1279,150
1280,157
1281,951
1283,83
1284,38
1285,374
1286,254
1287,50
1288,358
1289,119
1290,205
1292,3396
1293,232
1295,79
1296,109
1297,97
1298,104
1299,191
1300,53
1301,254
1302,119
1303,1510
1311,960
1312,100
1313,4343
1314,18
1316,80
1317,163
1324,102
1325,50
1327,165
1328,82
1329,41
1331,96
1332,39
1333,19
1335,738
1336,133
1337,17
1338,116
1339,90
1340,64
1341,224
1342,179
1343,166
1344,65
1345,102
1346,202
1347,424
1348,146
1349,127
1350,176
1351,129
1352,292
1353,34
1355,9
1356,290
1357,207
1358,333
1359,231
1360,198
1361,1810
1362,543
1363,983
1364,950
1365,1020
1366,871
1367,935
1368,401
1369,530
1370,271
1371,105
1372,303
1373,104
1374,231
1375,108
1376,106
1377,78
1378,95
1379,1216
1380,184
1381,88
1382,136
1383,25
1384,255
1385,73
1386,102
1387,159
1388,100
1389,109
1390,53
1391,39
1392,22
1393,25
1394,20
1395,23
1396,12
1397,393
1398,255
1399,209
1400,201
1401,415
1402,22
1403,82
1404,41
1405,29
1406,74
1407,67
1408,209
1409,97
1410,257
1411,42
1412,722
1413,103
1414,101
1415,115
1416,140
1417,96
1418,165
1419,166
1420,104
1421,108
1422,85
1423,84
1424,91
1425,232
1426,170
1427,83
1428,63
1429,94
1430,1246
1432,130
1433,94
1434,98
1435,240
1436,114
1437,101
1438,85
1439,93
1440,52
1441,272
1442,111
1443,75
1444,71
1445,178
1448,160
1450,129
1451,119
1452,38
1453,296
1454,685
1455,157
1456,52
1457,194
1458,13
1459,137
1460,46
1462,1174
1465,86
1466,27
1468,261
1469,805
1470,394
1471,241
1472,209
1473,184
1474,121
1475,119
1476,114
1477,104
1478,110
1479,93
1480,257
1481,66
1482,4499
1483,153
1484,123
1485,177
1486,385
1487,601
1488,191
1489,233
1490,110
1491,163
1492,102
1493,73
1494,133
1495,83
1496,305
1497,99
1498,1352
1499,9
1500,207
1501,144
1502,70
1503,29
1504,271
1505,796
1506,840
1508,88
1509,207
1510,95
1511,64
1512,51
1513,39
1514,121
1515,82
1516,134
1517,177
1519,6127
1520,270
1521,232
1524,209
1525,587
1526,2181
1527,675
1528,25
1529,42
1530,4434
1531,1201
1532,681
1533,225
1534,194
1535,20479
1536,2111
1537,9
1538,515
1539,52
1540,47
1541,106
1542,89
1543,544
1544,101
1545,56
1546,1204
1547,5
1548,18
1549,86
1550,98
1552,20
1553,119
1554,409
1555,534
1556,261
1557,523
1558,61
1559,2565
1560,57
1561,119
1562,1335
1563,539
1564,2389
1565,1537
1566,1740
1567,159
1568,730
1569,1050
1570,655
1571,2330
1572,70
1573,100
1574,5
1575,17065
1576,356
1577,313
1578,87
1579,1102
1580,23
1581,524
1582,66
1583,242
1584,68
1585,49
1586,80
1587,164
1588,393
1589,937
1590,17
1591,200
1592,278
1593,960
1594,1785
1595,18
1596,120
1597,108
1598,140
1599,61
1600,81
1601,377
1602,359
1603,133
1604,4301
1606,1240
1607,452
1608,112
1609,547
1611,47
1613,98
1614,841
1617,28
1618,41
1619,575
1620,24
1621,63
1622,147
1623,67
1624,66
1625,54
1626,75
1627,26
1628,91
1629,147
1630,73
1631,349
1632,104
1633,138
1634,202
1635,174
1636,123
1637,209
1638,71
1639,1849
1641,46
1642,256
1643,36
1644,16
1645,98
1647,194
1648,93
1650,163
1651,71
1652,51
1654,526
1655,120
1656,8
1657,241
1658,135
1659,172
1660,52
1661,133
1662,53
1663,115
1664,33
1665,24
1666,7
1667,18
1668,993
1669,1180
1670,238
1671,30
1672,65
1673,57
1674,503
1675,221
1676,64
1677,39
1678,399
1679,261
1681,745
1682,364
1683,85
1684,34
1685,439
1686,4730
1688,386
1689,10939
1690,1463
1691,4486
1692,271
1693,82
1694,307
1695,118
1696,1000
1698,3349
1699,1600
1701,81
1702,23
1703,63
1704,81
1705,25
1706,108
1707,223
1708,21
1709,1845
1710,764
1711,42
1712,13
1713,16
1718,186
1719,1583
1720,140
1721,331
1722,1307
1723,3061
1724,26
1725,95
1726,3305
1727,463
1728,172
1729,410
1731,1092
1732,532
1733,104
1734,197
1735,1559
1736,52
1737,8
1738,310
1739,1
1740,9
1741,55
1742,29
1743,72
1744,184
1745,8
1746,200
1747,388
1748,51
1749,408
1750,350
1751,296
1752,109
1753,64
1754,97
1755,89
1756,84
1757,99
1758,38
1759,87
1760,246
1761,171
1762,196
1763,37
1764,340
1765,84
1766,49
1767,74
1768,55
1769,89
1770,38
1771,22
1772,23
1773,183
1774,71
1775,51
1776,16
1777,107
1778,18
1779,59
1780,214
1781,57
1782,41
1783,211
1784,15
1785,223
1786,32
1787,227
1788,62
1789,83
1790,36
1791,74
1792,137
1793,231
1794,79
1795,75
1796,116
1797,224
1798,166
1799,181
1800,161
1802,130
1803,92
1804,122
1805,71
1806,30
1807,377
1808,486
1810,407
1811,68
1812,68
1813,1808
1815,1680
1816,889
1817,653
1818,5861
1819,41
1820,38
1821,83
1822,81
1823,67
1824,500
1825,161
1826,155
1827,1792
1828,30
1829,1947
1830,384
1831,50
1832,117
1833,22
1834,63
1835,223
1836,877
1837,48
1838,360
1839,29
1840,7225
1841,257
1842,833
1843,111
1844,180
1845,61
1846,109
1847,1043
1848,26
1849,14
1850,10
1851,15
1852,1613
1853,56
1854,52
1855,53
1856,209
1857,35
1858,676
1859,158
1860,693
1861,310
1862,935
1864,80
1865,105
1866,61
1867,19
1868,114
1869,477
1872,8
1873,40
1874,180
1878,58
1879,119
1880,96
1881,79
1882,62
1883,39
1884,46
1885,17
1886,46
1887,7193
1888,817
1889,5548
1890,438
1891,19
1892,11
1893,25
1894,1840
1895,78
1896,239
1897,3
1898,73
1899,31
1900,45
1901,168
1902,211
1903,37
1904,32
1905,35
1906,74
1907,36
1908,133
1909,51
1910,91
1911,241
1912,117
1913,489
1914,361
1915,1225
1916,344
1917,375
1918,127
1919,80
1920,136
1921,190
1922,95
1923,85
1924,81
1925,81
1926,108
1927,62
1928,75
1929,276
1930,154
1931,147
1932,195
1933,27
1935,121
1936,13
1937,39
1938,34
1939,47
1940,119
1941,115
1942,131
1943,5501
1944,211
1946,272
1947,12
1949,138
1951,371
1952,215
1953,1405
1954,295
1955,66
1956,1277
1957,81
1958,275
1959,27
1960,4
1961,348
1962,11
1964,45
1965,1685
1966,39
1967,274
1968,242
1969,229
1972,98
1973,40
1974,236
1975,5
1977,77
1978,302
1979,174
1980,412
1981,114
1982,185
1983,76
1984,175
1985,116
1986,2
1988,179
1989,113
1990,30
1991,73
1992,25
1993,33
1994,294
1995,165
1996,182
1998,347
1999,46
2000,321
2001,13840
2002,1186
2003,23
2004,107
2006,1131
2007,19
2008,23
2009,23
2010,96
2011,114
2012,111
2013,160
2014,180
2015,48
2016,128
2017,131
2018,105
2019,28
2020,767
2021,53
2022,18
2023,48
2024,3
2025,9671
2026,2991
2027,34
2028,3
2029,67
2030,566
2031,484
2032,89
2033,114
2034,4520
2035,340
2036,36
2037,65
2038,24
2039,11
2040,8
2041,183
2042,258
2043,162
2044,87
2045,11
2046,7
2047,188
2048,72
2049,37
2050,142
2051,37
2052,21
2053,52
2054,22
2055,18
2056,69
2057,65
2058,45
2059,21
2060,101
2061,64
2062,56
2063,40
2064,31
2065,32
2066,21
2067,96
2068,26
2069,9
2070,27
2071,123
2072,37
2073,1
2074,6
2075,2
2076,56
2077,30
2078,42
2079,30
2080,18
2081,25
2082,28
2083,41
2084,18
2085,10
2086,11
2087,20
2088,12
2089,33
2090,31
2091,4
2092,4
2093,1
2094,25
2095,15
2096,1
2097,77
2098,143
2099,58
2100,41
2101,1
2102,59
2103,84
2104,3510
2105,162
2106,114
2107,1274
2108,331
2109,154
2110,137
2111,128
2112,665
2113,116
2114,26
2116,1086
2117,228
2118,107
2119,89
2120,79
2121,80
2122,102
2123,477
2124,950
2125,246
2126,232
2127,17
2128,7
2129,3327
2130,876
2131,2612
2132,434
2133,53
2134,73
2135,324
2136,289
2137,95
2138,84
2139,22
2140,89
2141,89
2142,468
2143,118
2144,3072
2145,85
2146,37
2147,178
2148,671
2150,273
2151,121
2152,145
2153,67
2154,1390
2155,240
2156,780
2157,107
2158,781
2159,1430
2161,306
2162,93
2163,451
2164,1586
2165,16
2166,653
2167,14110
2168,46
2169,194
2170,293
2171,747
2172,21
2173,5
2174,177
2175,1137
2176,111
2178,292
2179,35
2180,39
2181,55
2182,260
2183,90
2185,68
2186,38
2187,36
2188,99
2189,16
2190,23
2191,58
2192,29
2193,66
2194,82
2195,29
2196,88
2198,525
2199,164
2200,34
2201,1615
2202,142
2203,62
2204,95
2205,349
2206,99
2207,47
2208,24
2209,59
2210,709
2211,200
2212,109
2213,236
2214,140
2215,63
2216,770
2217,202
2218,98
2219,81
2220,136
2221,76
2222,140
2223,41
2224,34
2225,413
2226,9
2227,42
2228,85
2229,280
2230,44
2231,12
2232,14
2233,21
2234,31
2235,1019
2236,9934
2237,485
2238,266
2239,6
2240,5
2243,4
2244,15
2245,46
2246,1725
2248,1668
2249,74
2250,77
2251,9254
2252,94
2253,129
2254,22
2255,43
2256,23
2257,23
2258,17
2259,12
2260,22
2261,68
2262,94
2263,362
2264,83
2265,255
2266,43
2267,179
2268,194
2269,234
2272,22
2273,1017
2274,669
2275,65
2276,64
2277,59
2278,48
2279,61
2280,5
2281,206
2282,2
2283,23
2284,100
2285,75
2286,233
2287,71
2288,102
2289,53
2290,445
2291,127
2292,44
2293,102
2294,227
2298,462
2299,37
2300,42
2301,35
2302,102
2303,82
2304,47
2305,55
2306,59
2307,75
2308,25
2309,74
2310,20
2311,30
2312,57
2313,183
2314,10
2315,56
2316,3
2317,89
2318,50
2319,137
2321,295
2322,73
2324,185
2325,144
2326,26
2327,54
2328,43
2329,31
2330,167
2331,71
2332,286
2333,76
2334,20
2335,95
2336,220
2337,31
2338,11
2339,11
2340,13
2341,101
2342,14
2343,40
2344,26
2345,30
2346,214
2348,46
2349,152
2350,58
2351,77
2352,153
2353,106
2354,384
2355,294
2356,266
2357,99
2359,55
2360,44
2361,73
2362,15
2363,606
2364,35
2365,28
2367,456
2368,26
2369,664
2370,79
2371,77
2372,269
2373,21
2374,52
2375,49
2376,43
2377,55
2378,56
2379,38
2380,33
2382,2
2383,115
2384,40
2385,990
2386,1107
2387,57
2388,5
2389,103
2390,269
2391,106
2392,124
2393,92
2394,77
2395,49
2396,154
2397,2134
2398,1446
2399,51
2400,124
2402,157
2403,1915
2404,1891
2405,24
2406,2
2407,135
2408,115
2409,146
2410,58
2411,189
2412,69
2413,171
2414,60
2415,67
2416,26
2417,253
2418,3923
2419,91
2420,64
2421,23
2422,32
2423,40
2424,669
2427,88
2428,32
2429,54
2430,48
2431,42
2432,386
2433,148
2434,46
2435,46
2436,102
2437,54
2438,136
2439,47
2440,28
2441,66
2442,30
2443,18
2444,24
2445,108
2446,100
2447,97
2448,528
2449,688
2450,85
2451,153
2452,113
2454,165
2455,27
2456,55
2457,68
2458,126
2459,68
2460,107
2461,76
2462,77
2463,4
2464,30
2465,33
2466,32
2467,56
2468,70
2469,17
2470,103
2471,285
2472,3569
2473,67
2474,49
2475,53
2476,7938
2479,48
2480,20
2482,36
2483,47
2484,31
2485,21
2486,79
2487,14
2488,302
2489,56
2490,940
2491,37
2492,36
2493,31
2494,1852
2495,76
2497,115
2498,309
2499,304
2500,152
2501,8
2503,3
2505,94
2506,87
2507,80
2508,2149
2510,14
2511,45
2512,446
2513,423
2514,464
2515,378
2516,76
2517,137
2518,49
2520,526
2521,20
2522,44
2523,128
2524,97
2525,93
2526,60
2527,55
2528,42
2529,35
2530,106
2531,121
2532,54
2533,54
2534,69
2535,14
2536,38
2537,6
2538,21
2539,152
2540,43
2541,37
2542,86
2543,127
2544,39
2545,23
2546,39
2547,248
2548,63
2549,37
2550,136
2551,29
2552,25
2553,76
2554,55
2555,33
2556,46
2557,58
2558,82
2559,285
2560,202
2561,25
2562,424
2563,982
2564,291
2565,25
2566,9
2567,43
2568,9
2569,158
2570,37
2571,246
2572,45
2573,13
2574,29
2575,11
2576,17
2577,70
2578,24
2579,88
2580,355
2581,3405
2582,173
2583,81
2584,77
2585,88
2586,72
2588,31
2589,469
2590,136
2591,82
2592,110
2593,6492
2594,680
2595,770
2596,1403
2597,347
2598,29
2599,10
2600,6
2601,7
2602,737
2603,280
2604,396
2605,4630
2606,321
2607,91
2608,181
2609,11
2610,15
2611,180
2612,39
2613,15
2614,14
2615,379
2616,149
2617,119
2618,123
2619,111
2620,64
2621,95
2622,55
2623,193
2624,24
2625,26
2626,23
2627,19
2628,16
2629,25
2630,30
2631,21
2632,26
2633,19
2634,31
2635,22
2636,3
2637,24
2638,20
2639,3
2640,22
2641,17
2642,5
2643,17
2644,20
2645,16
2646,21
2647,5
2648,77
2649,45
2650,29
2651,28
2652,34
2653,21
2654,48
2655,97
2656,51
2657,68
2658,48
2659,58
2660,61
2661,81
2662,42
2664,67
2665,70
2666,62
2667,56
2668,50
2669,41
2670,89
2671,56
2672,61
2673,71
2674,33
2675,65
2676,61
2677,69
2678,40
2679,20
2680,784
2681,30
2682,40
2683,423
2684,123
2685,1613
2686,19
2687,1
2688,32
2689,11
2690,36
2691,2
2692,29
2693,39
2694,3
2695,164
2696,38
2697,3
2698,41
2699,21
2700,10
2701,1
2702,19
2703,69
2704,37
2705,162
2706,105
2707,4
2708,1
2709,47
2710,7
2713,107
2714,15
2715,47
2716,41
2717,54
2718,17
2719,47
2721,15
2722,61
2723,28
2724,526
2725,221
2726,65
2727,67
2728,143
2729,138
2730,135
2731,5
2732,8
2733,72
2734,104
2736,32
2737,7
2738,3
2739,1
2740,5
2741,1
2742,1
2743,209
2744,347
2745,29
2746,528
2747,96
2748,73
2749,4
2751,172
2752,830
2753,84
2754,39
2755,65
2756,290
2757,15
2758,5
2759,8423
2760,77
2761,115
2762,86
2765,43
2766,52
2767,89
2768,691
2769,7
2770,35
2771,3
2772,297
2775,286
2776,44
2777,25
2778,16
2779,35
2780,83
2781,30
2782,173
2783,16
2784,213
2785,16
2786,15
2787,5505
2788,50
2789,211
2790,41
2791,56
2792,67
2793,57
2794,23
2795,917
2796,144
2797,46
2798,492
2799,68
2800,197
2801,25
2802,22
2803,9
2804,16
2805,17
2806,2
2808,204
2809,3
2810,70
2811,81
2813,126
2814,28
2815,28
2816,73
2817,126
2818,11
2819,34
2820,17
2821,44
2822,7
2823,38
2824,12
2825,114
2826,28
2827,109
2828,95
2829,217
2830,4
2831,6
2832,758
2833,19
2834,28
2835,8
2836,57
2837,17
2838,5
2839,18
2840,56
2841,223
2842,382
2847,1790
2848,198
2851,36
2852,220
2858,121
2859,79
2861,68
2862,95
2863,72
2864,37
2866,217
2867,224
2868,121
2869,118
2870,159
2871,184
2872,26
2873,335
2874,27
2875,96
2876,7
2881,23
2882,37
2883,137
2884,170
2885,7
2889,4295
2890,5024
2891,487
2892,31
2894,28
2895,12
2896,184
2897,98
2899,1930
2901,39
2903,77
2904,15337
2905,490
2906,19
2907,128
2910,59
2911,105
2912,41
2913,16
2915,23
2916,7
2917,75
2920,45
2921,127
2922,37
2923,2107
2924,3972
2926,3155
2927,1438
2928,472
2929,78
2931,119
2933,13
2934,7
2935,53
2936,26
2937,364
2938,25
2941,15
2942,474
2943,70
2944,39
2945,93
2946,95
2947,97
2948,75
2950,564
2951,1428
2952,2520
2953,511
2954,226
2955,206
2956,21
2957,50
2958,94
2959,34
2960,106
2961,2761
2962,1197
2963,3228
2964,451
2965,65
2966,8683
2967,83
2969,828
2970,558
2971,352
2972,38
2973,98
2974,45
2977,34
2978,165
2979,47
2980,12
2981,264
2982,142
2983,137
2985,805
2986,1336
2987,22
2988,131
2989,89
2990,29
2991,63
2993,7175
2994,2206
2997,66
2998,59
2999,61
3000,137
3001,1483
3002,2879
3003,97
3004,54
3005,98
3006,21
3007,71
3008,67
3009,90
3010,167
3011,331
3012,105
3014,957
3015,344
3016,677
3019,81
3020,6
3021,45
3022,10
3023,7
3024,26
3025,15
3026,43
3027,149
3028,6
3031,489
3032,548
3033,647
3034,60
3035,10
3036,11
3037,37
3038,50
3039,47
3040,76
3043,110
3044,152
3046,39
3048,98
3050,168
3051,107
3053,185
3054,27
3056,28
3057,288
3058,106
3059,36
3060,96
3061,35
3062,59
3063,22
3064,12
3065,22
3066,43
3067,34
3069,32
3070,34
3071,38
3072,33
3074,27
3075,32
3076,374
3077,8
3078,30
3079,15
3080,492
3081,94
3082,22
3085,449
3086,551
3087,3036
3088,557
3089,1141
3090,537
3091,1922
3092,2549
3093,22
3094,27
3095,40
3098,11
3099,9
3100,28
3101,56
3102,234
3104,3
3105,89
3107,95
3108,60
3109,17
3110,22
3111,103
3112,32
3113,25
3114,6
3115,42
3116,26
3120,42
3121,945
3125,38
3127,81
3129,7
3130,2
3131,5
3132,14
3135,101
3136,40
3137,58
3138,94
3140,40
3146,15
3147,29
3151,10
3152,26
3153,24
3154,34
3155,7
3157,71
3159,5
3160,63
3162,14
3165,1096
3166,412
3167,3310
3171,50
3174,583
3175,14
3176,4
3178,14
3180,3
3182,15
3183,4
3185,16
3186,77
3190,23
3192,27
3193,42
3194,20
3196,15
3199,97
3201,8
3202,36
3203,26
3205,21
3210,659
3211,22
3213,10
3214,20
3215,113
3218,72
3219,302
3220,229
3221,775
3222,99
3223,89
3225,2118
3226,792
3227,48
3228,2610
3229,1815
3230,1545
3231,891
3232,27
3234,122
3235,4
3239,26
3243,2
3245,28
3247,663
3248,51
3250,89
3251,1
3252,13
3254,30
3256,82
3258,69
3259,20
3264,19
3265,154
3266,401
3267,5
3268,404
3269,659
3270,341
3271,32
3272,61
3273,16
3274,8
3275,8
3276,10
3277,7
3278,9
3279,7
3280,9
3281,13
3285,18
3286,122
3287,532
3288,180
3292,167
3294,2
3295,20
3297,1138
3298,439
3299,1659
3300,10
3301,26
3302,101
3303,27
3305,15
3306,63
3307,101
3308,52
3309,47
3312,191
3313,27
3315,2
3317,18
3318,642
3320,35
3322,424
3323,551
3324,187
3325,7
3326,454
3327,21
3328,1325
3329,24
3332,9
3334,35
3335,8
3336,88
3342,2241
3345,21
3349,297
3350,48
3352,1085
3354,730
3355,2
3356,18
3358,1638
3359,885
3361,3
3362,8
3363,281
3366,846
3367,49
3369,127
3370,23
3371,279
3372,1
3375,800
3377,27
3378,13
3379,27
3380,24
3381,69
3382,42
3383,16
3384,14
3385,65
3388,22
3389,613
3390,74
3391,2
3392,475
3393,34
3394,94
3396,14
3398,31
3399,20
3401,427
3402,37
3403,107
3406,55
3407,879
3410,87
3411,55
3414,2
3417,151
3418,5
3419,275
3420,1409
3421,83
3422,100
3424,21
3425,8
3427,32
3428,11
3429,205
3430,212
3432,8
3433,1
3434,16
3435,7
3436,10
3437,28
3438,72
3439,55
3442,27
3444,22
3446,890
3447,335
3448,126
3449,447
3451,2
3452,51
3454,43
3455,6339
3456,1153
3457,5343
3458,2
3460,12
3461,37
3462,32
3463,23
3464,731
3465,3
3466,1053
3467,2368
3468,285
3469,237
3470,3280
3472,77
3473,84
3474,105
3475,144
3478,134
3479,187
3480,38
3481,62
3482,39
3483,39
3484,51
3485,510
3486,5
3488,53
3490,40
3493,146
3496,17
3497,4
3498,30
3499,25
3500,1
3501,56
3503,3353
3505,9
3506,241
3507,172
3508,717
3509,49
3511,27
3512,53
3513,16
3514,1
3515,713
3516,16
3517,8
3518,89
3519,19
3522,47
3525,178
3526,29
3527,34
3529,29
3530,10
3531,22
3532,42
3533,14
3534,12
3535,104
3536,20
3537,203
3538,55
3539,22
3540,22
3541,21
3542,18
3543,39
3545,77
3546,6
3547,10
3549,498
3550,8
3551,28
3553,15
3556,24
3557,53
3558,15
3559,187
3560,85
3561,12
3562,21
3563,17
3564,18
3565,12
3566,37
3567,14
3568,25
3569,21
3570,14
3571,48
3572,2437
3573,3
3574,545
3576,168
3577,433
3578,72
3579,51
3580,35
3581,87
3582,30
3583,27
3584,19
3586,29
3587,44
3588,11155
3593,476
3594,1004
3595,19
3596,21
3597,33
3599,16
3600,26
3602,66
3603,142
3604,1152
3605,16
3609,31
3613,942
3614,248
3615,337
3616,714
3618,266
3619,14
3620,62
3622,88
3624,46
3625,103
3626,205
3627,656
3628,21
3630,1
3631,19
3633,28
3635,43
3636,108
3637,1
3638,15
3639,19
3640,30
3641,185
3642,192
3643,7
3644,29
3645,18
3646,37
3648,23
3649,59
3652,3421
3653,671
3654,693
3655,1942
3656,523
3659,5
3660,15
3661,17
3665,261
3667,3001
3668,90
3669,20
3670,83
3671,10
3672,6
3673,436
3674,431
3675,11
3676,7
3679,138
3680,99
3681,35
3683,4
3684,111
3685,138
3686,130
3689,1
3690,5
3691,3
3692,117
3695,15
3701,1415
3702,2809
3704,15
3705,34
3706,78
3707,83
3710,164
3711,119
3712,6450
3713,1236
3720,25
3723,9
3724,5
3726,29
3727,86
3728,105
3729,79
3731,2477
3734,23
3735,10
3736,15
3737,235
3738,186
3743,93
3744,43
3745,75
3747,110
3750,367
3751,46
3752,28
3754,21
3755,23
3757,26
3758,5
3759,1532
3760,8
3761,72
3762,3
3764,5
3765,19
3768,5
3769,1
3771,174
3772,109
3776,11
3778,1
3782,5442
3783,5086
3784,7794
3785,6197
3786,36
3787,71
3791,1114
3793,59
3795,39
3799,52
3800,21
3801,85
3802,58
3805,137
3806,7
3807,16
3808,5
3809,80
3810,18
3811,24
3812,9
3813,4
3816,31
3817,16
3818,112
3819,4
3820,130
3821,121
3822,5
3823,14
3824,18
3825,5
3826,36
3827,7
3828,2
3829,105
3832,11
3833,42
3834,3
3835,12
3836,45
3837,13
3838,8
3839,3
3840,191
3841,700
3842,22
3843,27
3844,5
3845,4
3846,1
3847,36
3848,1118
3849,37
3853,40
3854,46
3858,53
3859,159
3861,309
3863,40
3864,55
3866,9
3868,34
3869,1
3870,2
3873,5
3874,11
3875,14
3876,2
3877,6
3878,13
3879,3
3880,3
3881,12
3882,75
3883,19
3884,27
3885,7
3886,100
3887,542
3888,166
3889,114
3890,16
3895,21
3896,79
3898,56
3900,3
3901,5050
3902,21
3905,32
3906,39
3907,150
3908,26
3909,5
3910,21
3911,55
3912,20
3913,34
3914,235
3915,15
3916,98
3917,39
3918,294
3919,72
3920,17
3921,34
3922,33
3923,31
3927,2868
3929,39
3930,65
3931,315
3932,4
3935,5
3936,16
3937,1
3939,193
3940,93
3941,81
3942,19
3944,161
3945,22
3946,51
3947,4
3948,202
3950,22
3951,26
3952,34
3953,21
3954,245
3956,1275
3958,3187
3960,41
3962,311
3963,69
3964,62
3965,927
3968,29
3969,7
3970,183
3972,1216
3973,2
3974,1520
3975,1
3976,53
3977,69
3980,40
3981,36
3982,25
3983,12
3989,27
3990,79
3991,122
3992,134
3995,109
3998,43
3999,79
4000,28
4003,50
4004,99
4009,35
4010,265
4011,49
4012,260
4013,8
4014,19
4015,1509
4017,28
4021,457
4023,14
4024,23
4025,14
4026,1555
4027,141
4028,635
4031,38
4033,326
4034,12
4037,648
4038,444
4039,203
4042,81
4044,5
4049,5
4050,24
4051,19
4052,437
4053,816
4054,9
4056,71
4057,117
4058,30
4059,7318
4060,50
4061,37
4062,13
4063,4755
4066,277
4067,12
4068,7
4069,171
4070,34
4071,57
4073,1
4074,14
4075,75
4078,266
4080,343
4081,4736
4082,249
4083,11
4084,28
4085,6
4086,82
4087,1806
4088,2
4091,125
4094,626
4095,160
4096,14
4097,19
4098,11
4099,60
4101,3
4103,30
4104,17
4106,2207
4107,2936
4112,8
4113,16
4114,38
4119,6
4124,103
4126,6
4127,73
4129,7
4130,580
4131,2
4132,6
4134,1112
4136,332
4138,60
4147,94
4149,51
4150,52
4151,578
4154,27
4155,3195
4156,675
4157,8
4158,111
4161,25
4162,120
4163,1387
4164,25
4166,144
4173,114
4176,38
4177,2104
4178,12
4181,12224
4182,3691
4183,2
4186,2329
4187,49
4188,574
4189,124
4190,30
4191,27
4192,2228
4195,972
4196,1015
4197,143
4198,16
4199,10
4200,87
4201,10
4202,55
4205,405
4208,18
4209,102
4210,28
4211,7
4213,52
4214,5493
4218,13
4220,8
4224,16946
4232,289
4240,6
4242,1
4244,1
4246,1396
4250,43
4252,23
4260,17
4262,898
4264,55
4266,10
4278,58
4280,4813
4282,4613
4286,6
4298,15
4304,100
4306,11
4310,23
4312,149
4314,14
4316,7
4318,39
4320,145
4331,2
4332,4
4334,594
4339,9
4340,19
4342,108
4350,31
4353,137
4355,52
4356,69
4357,41
4358,250
4360,153
4361,119
4362,458
4363,89
4364,25
4365,97
4369,12
4371,22
4375,29
4378,38
4379,23
4382,9458
4383,41
4385,56
4386,36
4387,52
4388,28
4389,67
4390,53
4391,61
4392,33
4393,73
4394,34
4395,18
4396,47
4397,40
4398,105
4399,126
4400,18
4406,48
4411,8
4415,830
4416,27
4417,2
4418,53
4419,67
4420,22
4421,232
4427,5
4437,3256
4439,6
4440,1
4443,117
4444,55
4447,759
4450,201
4451,28
4452,11
4454,509
4458,132
4459,1
4460,355
4461,129
4462,99
4463,31
4467,120
4468,10
4469,272
4470,2
4471,30
4472,3786
4473,496
4475,137
4476,55
4477,2350
4479,22
4480,34
4481,30
4483,317
4484,3
4485,5
4486,31
4487,18
4488,24
4489,20
4490,21
4491,158
4492,39
4493,42
4494,78
4495,5
4496,29
4497,18
4498,13
4502,227
4503,70
4504,1
4508,116
4509,8
4511,3
4513,93
4514,62
4515,12
4521,6
4522,21
4524,20
4531,74
4532,14
4533,36
4534,19
4535,1534
4536,1
4537,51
4540,143
4541,20
4544,2
4547,2
4548,1591
4549,142
4550,992
4551,1161
4553,5
4554,4
4555,63
4556,13
4557,6
4558,29
4560,4
4561,26
4562,46
4563,12
4565,2893
4566,71
4567,28
4575,9
4578,23
4581,1538
4584,51
4586,18
4590,170
4591,45
4596,709
4597,3
4598,2
4599,9
4600,175
4601,47
4603,19
4604,25
4606,16
4607,112
4608,24
4614,9
4615,14
4616,22
4617,56
4618,920
4638,15
4639,64
4640,8
4644,8
4645,10
4646,126
4650,136
4651,7
4653,49
4654,9590
4657,153
4660,26
4662,239
4663,53
4664,216
4667,91
4672,1706
4675,20
4680,2
4681,2
4682,2
4684,1
4685,94
4688,21
4689,105
4690,63
4692,15
4693,17
4695,74
4697,30
4698,89
4699,43
4700,16
4701,62
4703,87
4705,1172
4709,5
4712,128
4713,452
4714,133
4715,687
4717,20
4718,178
4719,1318
4720,1189
4722,2519
4723,2
4725,3715
4726,1241
4729,26
4730,49
4731,16
4732,88
4733,11
4737,1
4742,20
4744,2677
4752,4157
4756,73
4760,768
4761,29
4763,125
4765,471
4772,718
4773,6
4774,20
4775,16
4782,3
4786,354
4789,2558
4790,1
4792,805
4793,1168
4794,391
4795,452
4798,349
4799,39
4800,11
4801,8
4802,9
4803,13
4804,122
4807,9
4808,9
4810,49
4811,703
4813,26
4814,2082
4816,74
4817,6
4818,8
4819,7
4820,13
4821,16
4822,2
4823,18
4824,6
4825,2
4827,97
4832,4
4833,23
4834,7
4835,3821
4840,31
4841,10
4842,10
4848,12
4849,26
4851,81
4852,18
4853,40
4854,11
4855,9
4856,7
4866,1143
4867,18
4868,46
4872,1709
4874,413
4876,53
4879,583
4884,1648
4886,306
4890,110
4896,2940
4898,7629
4901,3447
4903,678
4905,2
4907,8
4908,66
4910,261
4917,17
4918,1328
4921,24
4923,15
4926,40
4927,1
4928,1
4929,4
4933,5
4934,35
4935,6
4936,54
4938,1219
4939,66
4940,4
4941,2
4943,45
4946,53
4948,27
4961,24
4962,65
4966,126
4967,14
4970,1554
4975,5302
4981,1661
4983,378
4985,1104
4991,13
4997,117
4999,3040
5002,6
5005,338
5006,23
5013,5
5014,8
5016,162
5017,59
5018,2
5019,68
5020,376
5022,5
5023,3
5025,122
5027,95
5028,750
5029,374
5030,3207
5031,105
5032,112
5034,1237
5036,34
5037,108
5039,914
5040,2119
5041,450
5042,1889
5043,36
5045,287
5049,31
5051,79
5052,7
5053,61
5054,55
5056,103
5060,2772
5065,827
5070,32
5071,4
5072,234
5074,1110
5075,15
5079,1506
5080,374
5081,14966
5082,13
5084,263
5085,245
5088,13
5089,1
5090,25
5091,24
5096,86
5097,325
5098,8
5101,43
5104,7
5107,35
5108,18
5109,64
5112,1817
5114,16407
5116,1006
5117,17
5118,2593
5129,12
5133,15
5136,29
5140,1
5141,436
5143,3
5147,68
5150,1535
5151,3
5152,1149
5153,17
5154,12
5155,140
5157,18
5158,302
5159,15
5160,10
5162,1856
5163,846
5164,109
5165,111
5167,10
5168,276
5172,140
5173,35
5177,3106
5178,821
5189,3
5190,12
5191,17
5193,2
5194,215
5196,418
5197,9
5199,160
5200,26
5201,14
5202,5
5203,41
5204,4288
5205,4043
5207,2
5208,35
5209,74
5210,62
5211,80
5212,86
5213,61
5214,83
5216,369
5217,15
5220,700
5223,5
5225,176
5226,144
5228,387
5231,1023
5232,17
5233,541
5234,1
5235,3
5237,18
5238,16
5240,3
5241,4
5244,600
5246,11
5249,2
5250,21
5251,456
5252,952
5256,295
5258,2252
5259,89
5260,3
5262,1382
5263,35
5265,91
5266,25
5267,8
5270,180
5272,3
5273,9
5274,4
5276,11
5277,3527
5278,1
5279,1425
5281,63
5285,10
5287,15
5288,96
5289,15
5290,87
5291,152
5292,10
5293,16
5296,24
5299,43
5300,3650
5303,4
5304,52
5305,343
5306,619
5307,401
5308,33
5310,946
5311,15
5314,13
5315,118
5316,153
5321,58
5322,42
5324,76
5330,6
5332,366
5333,376
5337,470
5341,6602
5342,1670
5343,5
5344,4
5347,268
5348,315
5351,154
5353,16
5355,2363
5356,3244
5365,2307
5369,200
5372,16
5375,10
5383,32
5386,98
5391,1224
5393,12
5395,2
5396,4
5397,160
5398,23
5399,14
5400,5
5401,47
5402,9
5403,24
5408,21
5411,35
5415,61
5419,394
5420,536
5421,16
5423,2
5424,143
5427,92
5439,17
5440,10
5447,16
5449,27
5454,460
5455,78
5458,524
5460,839
5462,431
5464,229
5466,6
5469,92
5472,17
5474,4
5475,5
5476,8
5477,1
5478,1
5484,39
5485,190
5492,13
5493,266
5494,53
5496,35
5501,55
5503,6
5504,445
5505,174
5507,1677
5515,2
5520,21
5521,1244
5522,25
5525,2528
5526,1207
5529,300
5530,4060
5534,2
5535,9
5538,497
5539,85
5540,8
5541,2
5542,2
5543,2
5544,8
5545,12
5546,2
5547,5
5548,10
5549,79
5550,8
5551,3
5552,7
5553,4
5554,1
5555,4
5556,3
5557,6
5558,11
5559,3
5560,6
5561,13
5563,4
5564,6
5565,7
5566,12
5567,5
5568,40
5569,90
5570,7
5571,4
5572,10
5573,7
5575,4
5576,28
5578,96
5581,1
5583,190
5584,23
5585,32
5586,7
5587,12
5588,4
5589,39
5590,16
5593,1342
5594,1
5597,654
5600,8
5602,17
5603,58
5605,19
5606,7
5607,9
5608,6
5609,24
5610,9
5611,3
5612,8
5613,24
5614,9
5618,2
5620,31
5621,4
5622,58
5624,71
5628,3
5629,12
5630,8075
5631,59
5632,66
5636,3
5640,8
5643,97
5644,51
5645,19
5646,24
5647,10
5648,5
5649,15
5651,94
5653,76
5656,151
5658,41
5661,44
5662,63
5663,6
5664,8
5665,3
5667,3543
5670,431
5671,1979
5673,27
5674,27
5675,643
5678,1813
5680,11937
5681,8841
5682,3021
5684,193
5686,81
5687,3
5688,16
5689,9
5690,2098
5691,139
5693,4
5702,583
5710,62
5712,128
5713,1081
5715,64
5717,668
5719,481
5723,44
5725,73
5733,15
5734,1177
5742,40
5743,91
5751,393
5753,175
5755,20
5760,12
5762,345
5763,12
5764,2146
5772,1144
5773,11
5774,712
5776,8
5781,1609
5783,4
5784,446
5785,108
5799,11
5802,61
5809,2
5810,2
5811,49
5812,74
5813,101
5814,65
5819,107
5826,75
5827,7
5828,25
5829,1
5830,8
5832,63
5833,4
5834,7
5835,418
5838,49
5841,1
5842,51
5844,144
5845,168
5848,7
5849,53
5854,18
5859,135
5862,8
5865,35
5868,59
5869,51
5870,39
5871,24
5872,40
5873,54
5874,23
5875,116
5876,6
5877,50
5878,17
5880,74
5883,14
5886,4
5889,10
5890,62
5891,19
5895,10
5900,3
5902,467
5904,34
5907,20
5908,6
5909,3669
5914,719
5916,1
5917,10
5918,82
5920,7
5921,3
5922,5
5923,12
5924,81
5926,28
5927,2
5928,2
5929,4
5930,3
5931,6
5933,2
5934,3
5935,3
5936,11
5938,14
5940,2334
5941,1149
5943,1
5945,109
5947,836
5953,11
5955,1759
5956,4
5957,1253
5958,6152
5959,254
5962,381
5967,81
5968,71
5973,664
5978,1356
5983,124
5984,504
5986,1
5990,3
5992,10
5993,66
5994,2
5996,208
5997,2
5998,250
6000,23
6007,3739
6008,33
6012,3
6015,12
6016,170
6018,1
6023,1578
6024,398
6025,12
6028,41
6030,2041
6031,21
6032,147
6033,2688
6038,33
6041,96
6045,6852
6046,1135
6050,416
6055,7
6056,4
6060,5
6061,19
6062,13
6063,2
6064,812
6065,5
6067,1
6068,53
6069,53
6071,8
6072,8
6073,3
6074,3
6075,9
6076,41
6077,7
6078,1
6087,3
6090,26
6091,3
6093,3
6094,68
6095,16
6096,5
6097,17
6098,890
6107,18
6112,630
6114,2329
6115,729
6116,11
6117,21
6119,4
6120,63
6122,121
6124,3
6127,2328
6129,330
6130,30
6131,5
6133,2
6137,133
6148,262
6149,4
6150,3
6151,654
6152,235
6153,153
6154,176
6156,2
6162,471
6163,562
6164,1185
6165,795
6166,2726
6169,161
6171,1161
6172,684
6178,1415
6181,48
6182,14
6183,26
6184,31
6187,784
6189,42
6194,200
6195,2
6198,333
6199,89
6201,3221
6202,5
6203,980
6205,4546
6206,1
6209,145
6211,3476
6213,7834
6215,103
6217,60
6219,116
6220,66
6226,82
6227,29
6229,7
6230,2
6231,306
6234,431
6235,68
6245,43
6246,60
6261,2
6262,10
6266,40
6267,4
6268,6
6270,3
6271,4
6272,5
6275,215
6276,109
6277,6
6280,1173
6281,59
6286,92
6287,705
6288,1590
6291,873
6293,68
6297,21
6299,171
6303,11
6305,107
6310,28
6311,7
6312,70
6318,58
6324,3452
6325,2919
6327,69
6328,41
6330,356
6331,36
6336,739
6337,100
6344,281
6346,50
6347,8762
6351,6365
6355,50
6361,1036
6366,2
6368,166
6372,4561
6374,27
6375,30
6377,1749
6379,253
6380,681
6381,2142
6383,6
6384,2
6385,344
6390,46
6392,760
6397,10
6399,694
6401,616
6402,87
6408,1527
6412,3
6413,16
6418,124
6419,4
6421,2354
6422,55
6425,440
6428,4
6431,48
6434,43
6437,59
6438,422
6443,327
6444,1616
6447,4
6448,4
6452,3
6460,51
6462,25
6463,5
6465,144
6467,847
6468,3
6472,4
6479,940
6481,5
6482,3
6484,10
6489,698
6491,68
6492,13
6496,56
6500,2982
6505,728
6509,25
6511,28
6512,4338
6513,25
6517,3
6518,15
6519,2
6520,5
6522,4
6523,13
6524,3
6525,64
6527,105
6531,75
6533,142
6535,181
6546,238
6547,19989
6548,1280
6553,500
6554,21
6555,123
6557,19
6558,104
6560,87
6566,130
6567,69
6568,5
6571,3
6572,2240
6573,6747
6574,1438
6577,2
6579,5
6581,497
6582,201
6583,1
6586,741
6587,168
6590,133
6591,341
6593,4
6594,5091
6604,16
6607,269
6609,203
6610,1370
6616,63
6622,27
6624,1222
6625,9
6628,222
6629,2
6630,1
6633,943
6634,1444
6635,100
6636,2
6637,3811
6641,176
6645,1015
6653,48
6654,88
6657,137
6658,4
6666,177
6667,65
6670,15
6671,5
6672,4
6674,5
6675,4895
6676,1272
6680,45
6682,3436
6684,21
6685,77
6686,90
6687,2
6688,5
6689,65
6690,118
6691,75
6692,118
6693,10
6694,128
6695,23
6701,6
6702,8682
6704,455
6705,167
6707,5350
6709,228
6712,392
6713,112
6714,414
6718,16
6721,95
6726,51
6727,1
6728,6
6731,2
6733,29
6734,25
6735,23
6736,261
6741,150
6743,125
6746,14274
6747,3010
6748,255
6749,141
6758,585
6759,3
6760,3
6761,1
6762,1
6768,747
6769,93
6771,5
6772,2594
6773,3914
6774,1143
6777,44
6779,9
6783,257
6787,236
6791,1116
6792,37
6793,1854
6794,287
6795,481
6796,11
6797,34
6798,49
6800,44
6802,2716
6809,116
6811,2347
6822,6
6823,35
6827,30
6828,30
6829,33
6830,32
6831,39
6832,45
6833,45
6834,46
6835,48
6836,34
6837,38
6838,52
6839,35
6840,49
6841,32
6842,26
6843,30
6844,51
6846,21
6847,32
6848,27
6849,36
6850,32
6851,47
6852,68
6855,21
6856,68
6857,28
6861,40
6862,4181
6864,1132
6867,795
6868,4
6872,50
6875,486
6877,380
6878,80
6880,11327
6882,526
6883,109
6884,1493
6885,264
6889,4
6890,86
6891,101
6892,129
6893,690
6895,1776
6896,975
6899,40
6900,6
6901,18
6902,2
6903,9
6904,422
6907,17
6909,52
6917,1
6918,410
6919,475
6920,360
6922,4668
6927,620
6930,42
6932,64
6935,69
6937,35
6939,24
6941,298
6942,6
6945,1230
6946,530
6947,50
6948,1445
6950,114
6951,1160
6953,233
6954,2444
6956,6552
6958,457
6959,225
6964,239
6965,2
6970,1
6971,6
6973,530
6974,2059
6975,6
6978,23
6979,562
6980,179
6981,3
6984,876
6985,132
6986,128
6987,2192
6988,46
6989,1
6992,66
6993,38
6994,29
6999,174
7004,42
7014,175
7016,273
7017,1951
7020,18
7021,35
7022,61
7024,101
7025,101
7026,75
7027,75
7028,62
7029,54
7030,91
7031,74
7032,47
7041,243
7044,951
7045,105
7048,18
7052,1
7053,396
7054,8817
7058,863
7059,6221
7060,134
7062,989
7066,252
7071,45
7079,1369
7081,118
7082,948
7083,87
7088,5958
7090,2
7092,4
7103,254
7106,3
7108,103
7109,7
7110,357
7112,34
7113,226
7117,32
7122,7
7124,3
7135,327
7139,27
7144,59
7148,3188
7152,31
7154,4
7155,5
7156,27
7157,41
7158,36
7162,3
7164,15
7169,30
7170,47
7171,78
7174,39
7175,1
7176,50
7177,2
7178,100
7179,102
7189,1
7192,23
7193,1920
7211,1
7216,15
7222,817
7229,27
7230,73
7243,59
7244,44
7245,7
7247,4
7248,210
7252,8
7254,40
7255,43
7257,41
7258,50
7259,50
7261,208
7262,83
7264,53
7265,105
7266,132
7268,110
7270,229
7273,35
7276,122
7279,168
7285,11
7290,17
7294,6
7295,99
7296,33
7303,110
7304,245
7305,174
7307,7
7308,11
7311,9306
7314,15
7322,445
7329,67
7330,52
7333,32
7334,370
7336,21
7337,1031
7338,5070
7343,4
7354,2
7363,77
7364,26
7366,13
7367,810
7374,2
7375,812
7376,4
7377,125
7395,18
7396,449
7398,13
7405,5
7411,562
7415,67
7416,9
7419,1
7420,15
7423,31
7427,23
7430,75
7435,32
7436,33
7445,43
7446,45
7448,12
7449,31
7450,32
7451,38
7452,9
7453,112
7455,59
7456,181
7458,91
7459,2
7461,9
7463,292
7465,2876
7466,75
7468,266
7471,133
7472,2063
7474,317
7475,63
7477,40
7479,3
7482,7
7485,38
7488,46
7491,23
7494,7
7495,1
7496,12
7497,15
7498,4
7500,1
7501,16
7504,40
7505,11
7510,21
7511,8
7512,30
7518,75
7522,10
7523,7
7524,6
7525,1
7526,1
7528,28
7530,16
7532,5
7536,30
7540,137
7547,15
7549,216
7550,133
7551,1
7559,859
7561,142
7568,229
7569,36
7571,32
7573,94
7575,4
7578,36
7579,71
7580,777
7581,88
7582,45
7583,100
7588,1009
7590,2482
7591,182
7592,2961
7593,6418
7596,986
7597,178
7598,617
7601,3
7605,3
7610,15
7611,62
7612,82
7616,2
7617,42
7619,17
7621,24
7625,1
7626,9
7627,1851
7633,2
7643,2
7645,416
7646,1
7647,4588
7651,65
7654,182
7655,698
7659,82
7661,1038
7662,1949
7664,10
7666,66
7667,28
7668,161
7669,786
7674,6225
7681,1
7683,1
7691,38
7695,1216
7697,8
7698,1
7705,622
7708,87
7709,2
7711,4076
7712,106
7713,7
7715,1
7718,39
7720,939
7721,12
7723,109
7724,5502
7728,414
7729,10
7730,162
7739,1250
7740,387
7744,257
7745,197
7748,1071
7750,1
7751,3
7752,4
7759,187
7761,21
7762,466
7768,1217
7769,4650
7770,166
7771,4
7774,223
7775,25
7779,1
7782,483
7785,3395
7786,13
7791,8209
7793,8
7803,5
7805,1335
7807,21
7808,3
7809,76
7810,39
7811,68
7816,36
7817,5325
7818,3
7836,1
7839,9
7843,30
7844,3
7845,2
7856,2
7857,187
7858,2817
7861,41
7862,23
7864,4
7867,7
7870,1149
7875,407
7876,16
7877,43
7882,182
7897,683
7900,20
7902,1038
7904,31
7908,2
7914,1
7915,11
7939,7
7953,96
7955,1
7956,2
7960,1
7969,144
7972,214
7980,2
7981,4
7982,3
7985,17
8011,4
8017,56
8022,166
8023,1636
8025,1
8026,185
8038,1016
8039,129
8041,2
8042,32
8057,459
8062,165
8063,1130
8064,87
8065,3
8068,281
8074,14502
8078,508
8079,9
8081,3
8086,3116
8092,7
8097,98
8098,257
8100,1779
8101,898
8108,42
8109,43
8110,288
8111,85
8115,445
8123,10
8129,3593
8130,5
8132,26
8133,173
8134,46
8139,7
8140,23
8141,10
8142,2063
8145,7
8146,11
8149,8
8150,7
8152,2
8153,2
8154,1
8155,2
8157,4
8158,1
8162,18
8171,397
8176,4
8178,24
8179,2
8180,3
8181,25
8182,1
8183,3
8187,1195
8189,2
8190,795
8191,1
8192,1
8194,3
8195,2
8196,8
8197,1252
8205,1
8206,87
8208,22
8211,339
8213,2
8214,10
8215,4
8216,15
8217,78
8218,4
8220,4
8226,3
8227,5
8228,20
8230,592
8231,256
8233,1
8234,48
8235,35
8239,1
8240,6
8241,668
8243,1
8245,48
8246,3068
8247,3110
8248,78
8249,67
8250,62
8252,26
8258,1
8275,25
8277,3185
8278,124
8285,4
8287,35
8289,84
8290,54
8291,168
8292,81
8293,137
8294,67
8297,101
8302,937
8304,11
8310,475
8311,1126
8312,87
8314,20
8316,8
8317,176
8324,3
8331,270
8332,16
8333,48
8337,213
8339,247
8345,1
8346,1
8348,801
8353,7
8355,1
8358,91
8359,49
8360,41
8361,35
8362,55
8363,31
8364,26
8365,23
8366,20
8367,21
8368,16
8369,23
8372,2
8373,94
8375,11
8394,62
8403,1
8407,4949
8408,5252
8409,3
8410,228
8416,1
8417,1
8422,495
8423,55
8424,4386
8425,5755
8426,1748
8431,10
8436,2
8438,185
8440,1377
8442,6
8443,11
8446,21
8449,1162
8450,10
8451,2
8456,489
8457,1121
8460,4145
8464,2
8465,1047
8471,6
8475,598
8476,1707
8478,3
8479,1426
8481,864
8486,31
8487,307
8490,215
8491,122
8493,3
8494,1
8495,2
8496,7
8500,1
8501,1
8503,17
8507,260
8514,2314
8516,6238
8518,71
8523,4
8524,5
8525,10602
8526,116
8532,801
8533,26
8536,2465
8538,13
8539,1
8542,10
8546,30
8547,28
8548,35
8550,37
8551,39
8553,4
8554,14
8557,3582
8560,541
8561,2
8563,2
8567,10
8574,4
8577,1648
8584,12
8595,2
8598,3
8599,543
8603,45
8604,23
8609,393
8619,296
8624,667
8626,129
8628,57
8630,5531
8631,1
8632,7
8634,826
8635,156
8643,3
8645,24
8646,64
8647,36
8648,153
8651,78
8653,102
8654,136
8655,97
8659,34
8660,3
8661,27
8663,27
8664,19
8666,298
8667,16
8668,356
8669,22
8671,7
8675,7212
8676,4547
8677,3
8678,3
8679,4
8680,4
8681,16
8682,33
8687,7
8689,78
8696,8
8697,16
8701,80
8704,23
8705,89
8706,12
8707,2
8709,125
8710,44
8713,113
8716,16
8717,11
8718,14
8719,20
8722,31
8723,2
8724,7
8726,1255
8728,758
8729,12
8730,23
8731,23
8732,13
8733,13
8740,1514
8743,129
8745,1
8749,8
8751,12
8752,10
8753,2
8754,102
8756,215
8763,1
8764,1
8765,5
8767,60
8768,1881
8769,12926
8772,7
8773,11
8774,6
8777,4
8778,22
8782,36
8783,9
8786,1
8792,689
8795,5490
8799,1
8800,160
8812,10
8815,33
8829,1
8832,1
8837,99
8839,41
8840,139
8841,9318
8842,4
8848,3
8853,2
8855,19
8857,2499
8861,5466
8862,3
8876,2377
8879,1
8883,2
8888,3580
8889,2
8890,2
8891,2
8894,184
8896,12
8897,2
8898,21
8899,4
8900,2
8908,130
8909,162
8915,2747
8917,1543
8918,630
8919,11
8920,15
8921,35
8925,113
8928,21
8934,2265
8935,84
8936,102
8937,7127
8939,265
8949,28
8950,30
8952,86
8953,5
8955,1
8956,3
8957,5
8958,15
8959,3
8960,6
8961,129
8963,25
8964,30
8965,29
8966,32
8967,1
8968,41
8972,44
8985,756
8986,309
8987,107
8993,11
8995,428
8999,1
9000,1110
9002,307
9005,105
9006,62
9007,2
9008,76
9009,86
9013,8
9014,864
9015,1
9023,486
9028,3
9032,327
9035,63
9040,183
9041,9207
9043,4
9045,48
9047,2461
9053,26
9055,1249
9056,250
9061,2
9062,6010
9063,1459
9065,1202
9074,2941
9077,13
9078,13
9087,17
9088,121
9091,42
9095,9
9098,27
9100,57
9107,956
9117,1446
9119,3
9120,928
9121,106
9124,331
9127,57
9130,917
9135,3394
9136,1451
9154,9
9159,293
9163,7
9164,5
9165,7
9166,5
9167,130
9170,196
9172,6
9175,1
9177,3
9181,4961
9200,5
9201,1355
9202,668
9203,1191
9204,258
9205,253
9211,49
9212,1
9213,1271
9220,413
9221,15
9228,2
9232,131
9239,6
9241,161
9243,5
9244,4
9252,2209
9253,17324
9254,10
9257,13
9260,1373
9264,20
9270,6
9274,12
9279,23
9282,8
9284,7
9287,52
9288,253
9289,4672
9290,48
9291,13
9292,3
9303,4
9304,1
9308,457
9309,108
9310,139
9311,175
9312,78
9314,2145
9316,3
9317,6
9318,48
9322,380
9324,28
9325,9
9326,42
9327,76
9328,115
9330,3331
9331,3169
9332,928
9333,281
9334,3
9335,519
9337,6
9340,12
9341,3
9342,14
9344,16
9345,3
9346,13
9347,886
9348,10
9349,1
9351,2
9352,3
9353,149
9355,1188
9356,20
9361,76
9362,781
9365,8
9366,2229
9367,4757
9371,1
9375,79
9376,4
9379,5493
9383,1
9385,14
9387,1
9388,1
9389,6
9390,6
9391,4
9392,10
9393,141
9395,50
9396,699
9403,3
9404,2
9409,2
9416,5
9417,5
9421,7
9423,29
9424,2
9426,1
9433,3
9434,75
9435,201
9438,1
9441,557
9442,133
9445,6
9446,3
9447,9
9451,3
9464,1
9465,2116
9467,110
9471,3368
9479,2892
9486,37
9487,119
9488,2
9491,48
9493,345
9494,40
9495,8
9499,2
9500,1
9501,3
9502,61
9503,3
9504,1
9506,97
9507,5
9509,20
9510,1301
9513,3809
9515,5891
9519,3
9520,1
9521,18
9522,2
9523,175
9525,1
9526,1
9528,14
9531,9
9535,3
9536,5
9539,636
9540,1
9542,2
9544,507
9545,80
9546,2
9547,64
9548,46
9549,44
9558,6
9561,78
9563,734
9566,89
9568,39
9575,2
9581,1063
9584,1
9587,1879
9588,93
9591,295
9595,17
9598,832
9599,62
9600,82
9608,630
9611,320
9613,4
9617,5399
9618,1206
9624,1070
9627,13
9629,40
9630,142
9638,166
9645,4
9646,36
9650,22
9656,5151
9662,11
9667,63
9673,58
9675,2298
9689,15
9690,556
9693,693
9706,161
9708,129
9712,1384
9716,104
9718,68
9721,174
9723,280
9724,2060
9731,568
9732,105
9733,241
9734,3072
9735,461
9736,2678
9737,133
9741,658
9744,420
9745,855
9748,1
9750,2070
9751,1193
9754,518
9756,15953
9759,4
9760,2696
9761,274
9768,5
9770,4
9773,18
9774,441
9776,2139
9777,52
9778,71
9782,423
9785,71
9786,48
9789,25
9790,2667
9792,7
9793,332
9794,20
9795,9
9796,5
9797,3
9798,81
9799,5
9801,34
9806,13
9810,3
9811,1
9817,1
9818,1
9820,1
9821,1
9822,2
9824,21
9825,1
9826,9
9829,2
9834,1888
9837,19
9839,84
9846,141
9849,142
9850,12
9851,21
9855,40
9857,11
9858,7
9861,40
9862,3
9863,1891
9865,250
9866,1
9868,3
9869,2
9874,373
9875,122
9878,8
9879,4
9880,18
9881,2
9882,3
9883,8
9884,5
9885,2
9886,2
9887,10
9888,967
9890,462
9893,253
9895,69
9900,7
9902,1
9903,2
9904,75
9905,6
9906,3
9907,685
9910,13
9911,962
9916,3
9917,729
9919,14209
9922,1360
9924,208
9925,1958
9926,2426
9930,677
9931,49
9934,392
9935,16
9936,3176
9938,1456
9939,44
9940,86
9941,3263
9943,10
9944,8
9949,1
9950,2
9951,30
9952,1
9957,2
9958,1134
9959,11
9963,683
9965,1
9967,24
9968,84
9969,3002
9970,156
9972,10
9973,7
9976,34
9978,1
9979,171
9981,1871
9982,2810
9988,399
9989,14816
9990,29
9993,4
9996,119
9998,2
9999,1066
10000,5
10003,83
10005,12
10012,2751
10013,32
10014,77
10015,611
10016,405
10017,563
10020,6942
10028,58
10029,1954
10030,4841
10033,528
10036,11
10039,2
10040,1
10043,43
10048,52
10049,2259
10050,155
10055,26
10056,2
10057,2
10058,1
10059,2
10060,3
10061,4
10067,6696
10073,1669
10074,229
10075,1063
10076,1878
10077,2
10079,2886
10080,8685
10083,1923
10087,13325
10089,1
10090,151
10092,2006
10098,216
10101,58
10104,78
10105,8
10106,161
10108,589
10109,572
10110,6554
10112,1
10113,2
10114,23
10115,16
10116,11
10118,7
10119,1853
10122,556
10132,26
10135,1
10136,3
10137,1
10138,2
10139,4
10149,3
10152,1823
10153,630
10155,3268
10156,1679
10161,4740
10162,6736
10163,5762
10165,6750
10172,1234
10177,76
10178,493
10180,83
10187,1067
10189,462
10191,635
10194,8
10196,1007
10197,880
10199,6
10200,2
10201,67
10202,19
10203,1
10207,39
10209,3688
10210,1
10213,3199
10216,1584
10217,152
10218,2965
10219,562
10224,2
10232,924
10236,4
10238,1
10241,5
10245,1
10246,1
10247,2
10249,1115
10250,1
10256,34
10257,133
10258,246
10259,14
10260,252
10262,41
10263,85
10270,3
10271,2021
10276,121
10278,2638
10280,111
10282,2
10286,43
10294,1360
10297,164
10298,1512
10301,144
10302,222
10304,1
10306,17
10308,856
10313,13
10319,6
10321,2757
10323,3
10324,72
10325,126
10327,84
10330,217
10334,171
10336,819
10338,203
10342,23
10346,8
10347,24
10348,375
10350,418
10351,148
10353,1
10354,26
10355,34
10357,3543
10359,16
10360,3
10361,65
10368,2
10369,1
10370,172
10372,1791
10373,19
10375,15
10378,2199
10379,3330
10380,495
10384,151
10389,1185
10390,156
10391,330
10392,95
10396,5061
10397,2727
10405,161
10406,184
10407,11
10408,6243
10409,6
10417,1417
10418,3040
10419,159
10420,76
10421,98
10424,39
10429,84
10431,943
10435,1
10436,38
10437,6
10443,88
10444,467
10445,660
10447,1745
10448,923
10456,2837
10457,134
10458,137
10459,2
10460,2301
10463,24
10464,1709
10465,812
10466,8
10469,531
10470,646
10471,32
10477,509
10479,194
10481,4
10483,245
10488,116
10490,2954
10491,1613
10495,5868
10497,426
10499,22
10500,773
10501,330
10502,375
10504,349
10507,591
10509,1
10511,25
10513,92
10516,189
10519,1164
10520,62
10521,5271
10524,14
10525,5
10526,32
10527,29
10528,28
10531,235
10532,509
10533,2
10534,51
10536,806
10539,2
10540,2
10541,9
10545,144
10546,92
10547,419
10549,87
10552,75
10553,134
10562,1
10564,1
10568,4266
10570,90
10572,1788
10573,301
10575,67
10578,3280
10581,176
10582,1171
10584,46
10585,33
10586,41
10588,4483
10589,2785
10590,136
10592,77
10594,2
10595,5
10604,1731
10607,2
10611,1741
10620,16166
10622,908
10623,3
10624,1320
10625,14
10627,18
10628,232
10629,91
10633,2
10638,2443
10639,7
10643,601
10647,1683
10648,2
10653,1
10659,824
10666,126
10668,283
10671,805
10674,38
10679,173
10681,1509
10683,189
10684,1
10685,1
10686,1182
10687,421
10688,68
10689,47
10690,146
10691,294
10693,38
10694,238
10695,151
10697,160
10701,9
10702,679
10703,294
10706,1
10709,2
10710,66
10711,3644
10713,1090
10714,1012
10715,944
10716,915
10717,907
10718,22
10719,11405
10720,149
10721,5329
10723,17
10728,67
10731,299
10732,63
10735,50
10736,54
10737,769
10739,1248
10740,695
10742,15
10743,47
10751,7
10755,4
10757,1
10758,7
10759,1
10760,5
10763,16
10764,110
10765,130
10766,129
10770,132
10774,5
10775,100
10779,245
10780,37
10790,6764
10792,85
10793,12112
10794,3399
10796,203
10798,3058
10799,274
10800,4385
10801,254
10802,4
10804,506
10805,3561
10807,271
10808,559
10810,126
10812,3
10813,17
10815,1
10819,81
10820,2
10821,146
10822,65
10823,57
10824,65
10825,87
10827,193
10828,68
10832,200
10834,640
10838,459
10842,295
10845,350
10847,13
10849,325
10850,2
10851,253
10852,1
10855,1
10859,106
10862,125
10863,8538
10869,26
10870,191
10882,4
10884,1191
10886,166
10887,1
10893,2286
10897,4095
10901,4
10904,6
10905,158
10906,98
10908,11
10916,254
10917,242
10918,414
10920,285
10923,439
10924,402
10928,798
10933,703
10934,680
10935,291
10936,123
10937,26
10938,74
10941,50
10943,1
10945,161
10947,141
10948,127
10949,100
10950,84
10953,2
10954,98
10958,327
10964,1
10965,2
10967,1
10979,61
10989,3
10995,1
10997,3
10999,206
11001,315
11005,738
11009,129
11013,6179
11017,9
11019,135
11021,1880
11031,98
11033,582
11043,18
11049,2
11053,45
11061,6107
11065,157
11067,140
11069,132
11073,198
11077,1338
11079,1844
11083,393
11087,18
11093,1
11097,1
11099,402
11101,5
11103,537
11111,14599
11113,2346
11123,1961
11135,481
11141,14
11161,891
11177,36
11179,4143
11185,84
11189,40
11209,955
11213,1
11221,1
11227,1709
11235,3165
11237,689
11239,805
11241,2422
11245,2
11255,364
11266,2802
11268,3
11269,14
11275,3
11281,14
11285,6773
11299,15
11307,12
11313,1394
11319,5456
11321,285
11339,898
11341,645
11349,88
11355,557
11357,23
11359,823
11371,1075
11375,457
11385,363
11389,19
11405,2
11411,36
11421,2
11433,6338
11441,553
11445,14
11447,45
11457,104
11465,72
11467,269
11469,69
11471,8
11483,249
11487,428
11491,1614
11497,1
11499,7586
11505,33
11507,494
11511,65
11521,5
11523,46
11525,1
11531,1353
11533,2
11537,12
11541,1
11543,130
11547,21
11553,4134
11561,25
11569,57
11577,6878
11579,38
11583,430
11585,12
11589,2
11593,2
11595,10
11597,11476
11609,8
11611,9
11615,599
11617,10990
11625,2
11633,8286
11635,112
11659,7
11661,72
11663,214
11665,2994
11673,2
11679,226
11681,1
11685,24
11687,197
11689,130
11691,155
11693,8
11697,961
11699,146
11701,4397
11703,4082
11705,257
11711,1
11715,251
11717,42
11729,69
11731,2
11733,2
11735,53
11737,3778
11739,1718
11741,11807
11743,2832
11745,143
11747,94
11749,76
11751,1937
11755,355
11757,23960
11759,9495
11761,3887
11763,747
11767,5
11769,758
11771,9793
11773,84
11777,141
11783,2189
11785,5489
11787,41
11789,28
11791,1
11793,463
11795,60
11799,27
11807,81
11809,101
11813,452
11815,82
11825,12
11827,228
11829,5
11835,9
11837,2286
11841,12
11843,8581
11853,104
11855,116
11859,610
11867,218
11869,117
11873,6
11879,442
11883,117
11887,9358
11889,1054
11897,120
11911,25
11915,111
11917,447
11919,12
11933,4676
11969,103
11977,4275
11979,3987
11981,5194
11995,5
11997,144
12001,270
12015,585
12017,306
12021,566
12025,47
12027,6
12029,1008
12031,816
12035,87
12039,1
12049,2862
12053,964
12055,232
12057,214
12059,218
12061,12
12065,266
12067,382
12069,857
12079,2013
12091,10
12101,131
12113,2522
12115,2284
12117,672
12119,1160
12121,131
12123,394
12131,87
12133,55
12135,63
12137,334
12139,2
12141,20
12143,222
12145,16
12149,1423
12157,130
12163,6
12165,1
12175,3552
12181,2
12185,1
12187,1469
12189,11105
12191,313
12221,159
12223,62
12225,54
12231,1342
12237,157
12239,216
12243,3
12255,1338
12259,2
12267,9
12279,10
12281,976
12291,4035
12293,4709
12295,24
12317,1835
12321,964
12337,10
12341,7
12343,62
12347,57
12351,19
12355,7284
12359,7
12361,13
12365,4207
12367,876
12371,4
12373,114
12375,228
12391,2
12393,6
12397,1
12399,12
12401,1
12403,4468
12411,233
12413,4584
12419,1005
12429,240
12431,924
12433,211
12437,442
12439,6
12441,7
12445,5478
12447,247
12449,595
12451,1
12455,164
12461,960
12467,3465
12471,1846
12477,2890
12481,40
12483,31
12485,21
12487,1886
12497,8
12499,10
12501,351
12503,1329
12505,1164
12507,19
12509,14
12511,18
12513,17
12515,12
12517,11
12521,38
12531,5013
12549,5116
12551,6
12561,27
12563,3
12565,2626
12569,7
12579,139
12581,1287
12585,61
12589,3
12591,16
12599,61
12603,46
12611,446
12613,2
12623,191
12637,556
12651,69
12657,9
12659,131
12661,112
12663,4
12665,1029
12669,1028
12671,634
12673,1643
12677,605
12679,1937
12683,100
12685,1890
12689,31
12695,663
12699,110
12709,105
12711,1732
12715,39
12723,10
12725,99
12727,109
12729,3388
12745,19
12753,1082
12755,142
12759,2
12763,3
12765,1
12769,1
12771,1
12781,1
12783,941
12789,14
12791,1
12793,1
12795,1
12799,3
12803,30
12807,1
12809,1
12815,536
12823,441
12835,1
12851,12
12857,181
12859,2687
12863,34
12865,62
12867,71
12875,369
12877,80
12879,922
12881,15
12883,3631
12885,14
12887,1
12893,2780
12897,2
12901,1
12903,1
12905,2
12907,181
12917,48
12919,49
12921,244
12929,244
12935,158
12951,3
12955,68
12957,91
12959,161
12961,67
12963,30
12965,6
12967,3047
12971,3
12979,542
12981,5
12991,43
12993,23
12995,146
12997,321
13019,152
13029,15
13041,3
13047,10
13051,2
13053,178
13055,2568
13057,162
13067,66
13073,144
13083,29
13085,22
13087,19
13089,23
13091,11
13093,1183
13103,1
13115,713
13117,175
13119,112
13125,6869
13127,139
13137,155
13139,195
13141,249
13143,17
13145,415
13153,95
13159,72
13161,4727
13163,5
13165,1
13169,449
13171,1202
13173,366
13175,297
13177,1
13179,1
13183,412
13185,21
13195,24
13201,329
13203,1003
13207,1
13215,124
13217,68
13219,140
13221,263
13223,97
13231,79
13233,18
13239,200
13245,155
13247,39
13249,29
13251,85
13253,290
13255,69
13259,336
13261,373
13263,928
13267,608
13271,2180
13281,155
13283,616
13287,60
13299,15
13303,4
13307,2
13309,290
13311,23
13325,102
13331,3474
13333,3350
13335,491
13349,522
13357,3280
13359,53
13365,3
13367,3562
13369,15
13373,329
13375,306
13377,1203
13379,65
13391,1273
13403,2309
13405,259
13407,19
13409,844
13411,2954
13421,28
13423,3
13427,223
13429,999
13431,1
13435,5
13439,26
13441,47
13449,4
13469,4615
13495,98
13497,1
13501,3
13503,2
13505,2
13507,1
13509,1
13511,2
13513,107
13515,19
13517,361
13519,16
13535,4344
13541,19
13543,18
13553,1
13559,78
13561,388
13563,70
13585,1675
13587,1801
13595,215
13599,4650
13601,13225
13619,198
13629,631
13639,201
13643,49
13655,4063
13659,9811
13663,4410
13667,3287
13669,126
13673,191
13675,241
13677,405
13679,64
13681,20
13691,160
13693,16
13709,658
13715,24
13727,349
13731,294
13755,22
13757,215
13759,11364
13767,705
13769,1
13779,9
13781,2
13785,156
13789,36
13793,45
13795,38
13799,161
13807,2224
13817,3
13819,1
13821,1
13823,1
13825,1
13827,1
13829,1
13831,1
13833,629
13835,255
13837,195
13839,235
13843,52
13851,1651
13855,222
13857,26
13859,1147
13863,1271
13917,48
13927,48
13931,146
13935,65
13937,71
13939,2933
13947,1
13955,64
13959,1
13965,12
13967,20
13969,136
13971,123
13983,35
13993,35
14007,20
14023,21
14027,3744
14039,1
14045,1293
14047,72
14049,346
14059,22
14067,3
14069,3
14073,565
14075,6841
14077,109
14093,710
14095,31
14117,157
14123,525
14125,4
14127,170
14129,123
14131,3968
14145,247
14173,714
14175,1570
14181,3
14183,6
14189,1958
14199,4056
14207,4
14209,6
14211,3
14213,6
14227,10928
14231,19
14235,20
14237,899
14247,30
14249,8
14253,6
14267,366
14277,632
14283,2401
14289,6644
14293,1984
14317,476
14333,20
14345,10174
14347,776
14349,7162
14353,5181
14355,1788
14359,66
14367,9
14373,816
14379,140
14381,6
14397,3331
14407,1594
14467,9155
14471,5
14479,295
14511,1579
14513,9038
14515,2444
14519,3
14527,2828
14529,4
14537,6
14539,168
14543,93
14563,131
14575,894
14583,218
14617,212
14621,18
14623,1
14627,602
14629,106
14631,2
14645,598
14647,244
14653,1201
14657,70
14659,59
14661,65
14663,441
14669,920
14675,95
14685,103
14693,284
14713,4377
14719,5742
14735,495
14741,14503
14743,37
14749,6229
14751,703
14753,664
14765,1562
14807,1538
14811,3912
14813,13020
14817,202
14821,1
14827,608
14829,3440
14833,5939
14835,560
14837,2911
14853,209
14875,378
14889,180
14893,1617
14913,12
14921,2564
14935,45
14941,1115
14943,35
14947,4
14949,97
14951,564
14957,181
14967,9099
14989,18
14991,238
14993,121
14995,101
14997,128
15005,571
15015,21
15021,71
15037,3236
15039,2683
15043,320
15045,474
15051,5319
15059,719
15061,256
15067,2
15077,208
15085,3379
15093,21
15095,22
15097,243
15109,1594
15117,4377
15119,1558
15125,1817
15127,46
15129,1
15133,1071
15137,7
15139,4
15141,3
15159,44
15177,67
15195,840
15197,1999
15199,875
15201,591
15211,1
15219,177
15225,8190
15227,30
15279,87
15291,153
15307,179
15313,562
15315,7692
15323,1202
15325,554
15335,2208
15347,21
15359,1395
15377,1760
15379,4991
15389,23
15391,631
15393,2
15399,1
15407,1
15409,95
15411,437
15417,2388
15423,75
15431,507
15437,2824
15439,573
15451,7407
15453,182
15455,31
15479,1
15487,1740
15489,268
15505,62
15525,8
15527,33
15529,25
15533,14
15535,382
15537,134
15539,59
15541,85
15545,28
15547,11
15565,1354
15577,19
15579,3
15583,9826
15591,900
15605,1952
15607,5
15609,1357
15611,237
15613,1816
15617,1095
15633,483
15649,593
15651,536
15653,17
15663,3
15673,327
15687,4077
15689,8972
15699,3748
15711,170
15717,76
15719,204
15729,817
15731,484
15735,266
15743,8
15749,3
15751,2680
15769,48
15771,1306
15775,1421
15781,287
15783,53
15785,109
15787,4
15793,1086
15795,8
15807,780
15809,14396
15811,905
15813,347
15815,1
15819,12
15823,2
15839,124
15841,206
15843,216
15845,89
15847,165
15863,1408
15865,3
15867,150
15873,1
15879,2220
15881,869
15883,742
15891,99
15893,31
15895,532
15905,2
15911,2491
15913,2
15925,38
15927,1034
15933,582
15937,8
15951,428
15957,2
15959,405
15961,1
15963,536
15971,4
15977,3
15979,88
15989,774
15993,33
16001,5775
16005,2287
16007,4
16009,4414
16011,4221
16023,185
16027,2
16033,340
16035,3130
16041,3
16049,5191
16051,910
16059,92
16063,2
16067,5258
16091,56
16099,1207
16101,222
16119,32
16123,805
16131,3
16143,252
16149,906
16157,2106
16159,2
16163,4
16169,1064
16183,7
16187,58
16189,113
16199,915
16201,2689
16211,358
16233,115
16239,994
16241,1121
16245,1
16247,8
16251,15
16255,4
16257,1
16259,1
16261,2
16263,1
16273,1580
16287,305
16303,3
16317,820
16319,202
16331,492
16335,333
16345,11
16347,56
16353,3619
16355,2484
16363,120
16371,21
16373,17
16377,8
16381,152
16385,797
16389,8
16395,697
16397,2385
16399,1
16405,862
16415,29
16417,5299
16419,223
16434,3
16436,384
16442,122
16444,2659
16460,3
16468,606
16472,155
16474,105
16476,47
16480,1
16486,1
16490,1
16498,23456
16506,8
16508,186
16510,1
16512,4092
16514,1
16518,1524
16524,8476
16528,1967
16530,1
16532,68
16554,2
16558,2
16562,2
16570,1
16572,1
16574,55
16576,50
16590,2
16592,9397
16602,89
16604,112
16606,113
16608,643
16610,181
16614,251
16620,2
16636,564
16638,123
16642,109
16644,99
16646,65
16648,60
16650,2
16656,357
16662,2327
16664,956
16668,5214
16678,173
16680,468
16690,125
16692,81
16694,2034
16696,2
16700,1211
16702,11
16706,6021
16718,53
16726,75
16728,4
16730,1
16732,2929
16738,160
16740,53
16742,8414
16746,1
16748,2
16756,16
16762,5861
16774,2603
16780,1
16782,7581
16784,2
16786,5
16788,1
16794,3
16798,8
16800,3
16802,8
16804,2
16806,3
16810,1
16812,4
16816,2
16818,1
16820,1
16822,21
16824,1
16828,1
16830,1
16832,1
16834,1
16838,1
16866,1898
16868,1402
16870,1985
16890,1784
16894,6520
16904,2213
16906,24
16908,1
16910,1565
16912,11
16914,131
16916,2474
16918,4741
16928,112
16932,196
16934,5322
16936,276
16954,3
16964,29
16982,963
16988,2
17002,4
17004,2
17006,2
17010,52
17012,68
17020,160
17048,7
17066,8
17068,81
17074,6876
17076,28
17080,209
17082,2782
17086,2
17088,2
17090,3
17092,3
17102,1
17113,12
17115,578
17117,4
17121,1741
17127,40
17131,7
17137,30
17141,11
17147,32
17151,36
17157,1260
17159,24
17161,16
17163,17
17165,7
17167,5
17187,1570
17205,419
17211,6
17213,1
17215,1
17217,1
17219,3
17221,1
17233,9
17237,8
17245,39
17247,4939
17249,79
17251,100
17259,1414
17263,1
17265,9701
17267,236
17269,952
17273,193
17277,119
17291,3
17293,49
17295,7
17307,1
17315,1
17321,1
17325,3
17341,819
17345,365
17351,408
17353,6
17357,82
17359,7
17371,159
17379,25
17387,6
17389,508
17391,451
17395,266
17397,891
17403,5
17407,3
17409,589
17419,146
17423,2
17427,1
17437,459
17439,1
17441,1
17443,1
17457,2
17469,3
17471,1
17473,1
17479,3
17481,5
17483,2
17485,3
17487,1
17489,3
17491,157
17493,2
17497,26
17501,1
17505,1200
17513,2515
17535,1378
17537,91
17539,109
17541,86
17543,52
17549,4581
17551,154
17563,2
17573,112
17585,192
17599,1
17603,2
17605,1
17613,1
17615,2
17621,1
17623,1
17624,2
17635,266
17637,827
17641,3159
17643,915
17649,1
17651,1509
17653,11
17655,108
17657,1
17659,42
17665,1
17671,1
17675,1
17677,206
17679,205
17681,801
17687,2
17689,5
17693,46
17697,4
17699,131
17703,2
17705,53
17707,5
17717,241
17719,7
17725,1487
17727,58
17729,4357
17731,279
17733,5
17739,401
17741,1951
17743,640
17745,91
17747,94
17749,2
17753,1
17777,2650
17785,15
17787,36
17791,350
17811,308
17813,644
17815,310
17819,1037
17821,1845
17823,2
17825,1
17827,1350
17831,2994
17833,3
17835,3
17843,313
17849,571
17855,548
17867,124
17871,204
17873,458
17875,1131
17877,14
17879,530
17887,81
17891,12
17893,1
17895,6912
17897,65
17901,664
17903,1
17909,2798
17913,234
17917,71
17919,517
17933,10
17947,3
17949,657
17951,6
17953,2
17955,3
17957,3
17959,10
17961,10
17963,10
17965,9
17969,4
17977,2
17979,3
17981,2
17983,5
17985,4
17987,4
17989,1
17991,4
18001,2285
18003,26
18005,2
18029,2
18031,2
18033,3
18039,1030
18041,1721
18045,1047
18047,2
18053,100
18055,1298
18061,9
18063,8
18071,1
18081,3
18083,2
18085,4
18087,3
18095,2691
18097,237
18099,782
18109,3
18115,5534
18119,4010
18121,1188
18133,47
18139,2992
18149,332
18151,67
18153,11704
18177,682
18179,2729
18195,2422
18197,2
18199,3
18205,52
18227,1
18229,4647
18231,105
18245,2819
18247,4897
18269,1
18271,2
18273,2
18277,5495
18283,1
18295,3172
18301,1
18303,1
18305,2
18307,1
18309,1
18311,1
18313,2
18315,2
18317,1
18319,1
18323,1
18325,1
18327,1
18329,1
18339,1
18341,1
18343,196
18353,9
18355,2
18357,1
18365,2
18375,49
18377,2
18389,3
18391,24
18393,2062
18397,3357
18411,1381
18413,513
18419,182
18425,44
18429,361
18441,2391
18443,2
18447,7
18449,56
18451,1
18455,86
18457,23
18463,26
18465,1439
18479,2
18481,3
18483,3
18489,1
18491,1
18495,1060
18497,2018
18499,429
18507,8870
18521,2
18523,1722
18525,114
18527,1
18531,243
18533,13
18549,77
18557,3
18561,15
18567,1
18569,1
18573,1
18577,2
18587,4
18589,3
18591,1
18597,104
18599,251
18601,1
18603,7
18617,523
18619,762
18627,2
18635,4
18637,15
18639,60
18653,96
18655,86
18661,1147
18669,21
18671,7121
18677,3855
18679,12276
18683,3
18689,1287
18691,98
18693,105
18695,63
18713,935
18723,19
18729,12
18745,863
18753,4284
18755,76
18759,1
18767,1443
18771,155
18773,3
18781,154
18795,12
18799,169
18815,10
18817,1
18819,1
18823,3
18825,4
18827,7
18829,4
18831,50
18835,34
18841,53
18843,3
18845,6
18849,606
18851,1184
18857,5332
18881,157
18893,2860
18897,9626
18907,1
18937,1
18939,1
18953,131
18959,55
18989,285
19021,1527
19023,1144
19029,463
19051,213
19053,1
19059,1
19063,1
19067,41
19069,1
19071,2
19073,1
19081,133
19087,2
19099,156
19101,70
19103,44
19105,16
19109,896
19111,3099
19115,245
19117,1965
19121,4
19123,649
19125,37
19133,409
19135,1
19137,156
19151,1811
19157,1
19159,434
19163,5193
19165,100
19167,2
19169,1
19171,4
19177,2
19185,134
19187,88
19191,1050
19193,748
19195,581
19199,2838
19207,121
19209,19
19211,1744
19213,45
19217,57
19219,49
19221,6837
19231,49
19233,48
19235,46
19237,34
19239,32
19251,337
19255,215
19257,614
19261,177
19267,9
19271,7
19279,34
19283,37
19285,3018
19287,145
19291,374
19297,126
19305,6
19307,25
19315,2920
19319,982
19323,17
19325,1
19337,14
19351,53
19363,2895
19365,2128
19367,2130
19369,5484
19383,1381
19391,645
19397,47
19401,1
19429,4002
19431,163
19433,1
19437,2
19447,18
19457,1
19463,2
19467,1
19469,109
19479,1
19481,31
19489,2055
19497,3
19501,1
19511,328
19513,1
19515,1
19517,1
19519,67
19521,152
19523,27
19533,1
19557,2
19559,2
19569,55
19573,196
19575,163
19581,114
19585,2
19597,3
19603,6852
19613,387
19619,23
19627,2
19629,53
19631,90
19633,44
19635,25
19645,33
19647,1524
19653,649
19669,1214
19671,1301
19681,1
19685,2454
19687,1
19695,1
19697,619
19703,2524
19705,2
19727,171
19731,10
19747,2
19749,1
19755,17
19759,1306
19769,3268
19773,1
19775,3321
19783,1
19797,1
19799,640
19811,62
19815,14878
19817,1
19825,4
19839,1
19841,1084
19843,3
19845,152
19849,4
19855,1628
19857,70
19859,71
19871,7
19873,1
19875,1
19877,9
19879,2
19889,118
19897,1
19899,2
19901,1
19905,1
19907,3
19917,1
19919,113
19921,3
19923,4
19925,39
19943,1
19945,82
19951,1277
19953,355
19959,9
19965,2
19971,4
19973,52
19977,19
19983,2
19987,1
19995,1
19997,2
20001,1
20005,2
20007,1
20009,2
20021,6183
20025,1
20027,1
20031,5054
20033,1789
20035,683
20039,465
20045,1287
20047,3345
20053,1455
20057,3730
20077,1
20079,1
20083,2
20087,1
20093,1
20095,2
20109,1
20113,1
20117,1
20123,1
20141,86
20147,1
20153,20
20155,87
20159,4450
20173,1
20175,3
20177,2
20181,114
20183,2
20185,1
20187,326
20189,2
20199,1
20201,1
20207,2
20221,610
20223,1
20225,1
20229,2
20231,1
20235,1
20237,1
20261,1
20267,284
20329,186
20353,2
20355,132
20359,780
20365,482
20371,543
20377,83
20379,68
20381,7
20385,7
20391,105
20423,1137
20431,1454
20441,4
20442,667
20443,619
20444,979
20445,2
20446,948
20447,13173
20448,3157
20449,593
20450,466
20451,651
20452,229
20453,1247
20454,403
20455,1133
20456,100
20457,8680
20458,6739
20459,2
20460,142
20461,372
20462,5541
20464,6711
20465,39
20466,5
20467,1949
20468,19
20469,68
20471,245
20472,697
20473,2339
20474,3393
20475,1955
20476,1
20477,31
20478,1013
20479,1617
20480,28
20481,637
20482,2
20483,4721
20484,12
20485,374
20486,799
20487,1020
20488,2534
20490,1055
20491,16
20492,316
20493,1
20494,2767
20495,581
20496,3029
20497,1371
20498,222
20500,34
20501,1616
20502,79
20503,4029
20504,176
20505,711
20506,1247
20507,9
20509,1148
20510,1565
20511,114
20512,1242
20513,5612
20514,1977
20515,196
20516,680
20517,2546
20518,1026
20519,1971
20520,2236
20521,4369
20522,167
20523,100
20524,889
20525,797
20526,2226
20527,4767
20528,77
20529,5081
20530,438
20531,490
20532,85
20533,1750
20534,5225
20535,10
20536,184
20537,3865
20538,120
20539,43
20540,153
20541,6182
20542,1398
20543,36
20546,383
20547,2432
20548,22
20549,70
20551,1069
20552,102
20553,2466
20554,1319
20555,1109
20556,4112
20557,408
20558,330
20559,93
20560,436
20561,119
20562,80
20563,28
20564,147
20565,1840
20566,1215
20567,1091
20568,281
20569,231
20570,116
20571,968
20572,3365
20573,787
20575,1731
20576,154
20577,129
20578,379
20579,151
20580,27
20581,10
20582,1482
20583,2691
20584,442
20585,541
20587,455
20588,792
20589,90
20590,3724
20591,1208
20592,2550
20593,4110
20594,10603
20595,2488
20596,5250
20598,763
20599,2681
20600,1704
20601,614
20602,6446
20603,698
20604,1704
20605,13081
20606,2651
20607,3097
20608,628
20609,820
20610,511
20611,983
20612,430
20613,9438
20614,4202
20615,2938
20616,277
20617,198
20618,1039
20619,1827
20620,11
20621,106
20623,7987
20624,19
20625,1070
20626,1908
20627,2498
20628,32
20629,2317
20630,740
20631,4919
20632,7596
20633,1184
20634,1610
20635,603
20636,67
20638,2438
20639,128
20640,106
20642,169
20643,500
20644,320
20645,2783
20646,4097
20647,694
20648,236
20649,489
20650,299
20651,190
20652,4622
20653,70
20654,1025
20655,26
20656,2387
20657,4064
20658,281
20659,903
20660,717
20661,8924
20662,444
20663,3032
20664,946
20665,7409
20666,2002
20667,686
20668,8323
20669,765
20670,1140
20671,4659
20672,1325
20673,286
20674,364
20675,41
20677,1446
20678,3763
20679,530
20680,396
20681,284
20682,830
20683,279
20684,415
20685,642
20686,664
20687,1259
20688,164
20689,380
20690,134
20691,578
20692,378
20693,971
20694,1622
20695,563
20696,30
20697,667
20698,5596
20699,24
20700,50
20701,3210
20702,2
20703,5
20704,2134
20705,20
20706,463
20707,16
20708,1353
20709,200
20710,2150
20711,2266
20712,565
20713,1013
20714,1680
20715,368
20716,195
20717,700
20719,3379
20720,1610
20721,216
20722,6528
20723,1493
20724,749
20725,3483
20726,301
20727,4244
20728,1751
20729,944
20730,837
20731,437
20732,149
20733,630
20734,425
20735,4232
20736,770
20737,416
20738,919
20739,461
20740,1057
20741,792
20742,67
20743,8
20744,1267
20745,3368
20746,1596
20747,449
20748,30
20749,5
20750,247
20751,1569
20752,1336
20753,1195
20754,2998
20755,5687
20756,183
20757,557
20758,1560
20759,702
20760,211
20761,767
20762,1504
20763,315
20764,219
20765,373
20766,1024
20767,1447
20768,1176
20769,1600
20770,3799
20771,1676
20772,346
20773,3974
20774,1818
20775,861
20776,64
20777,668
20778,1135
20779,1890
20780,926
20781,260
20782,735
20783,101
20784,33
20785,3944
20786,206
20787,126
20788,7
20789,5954
20790,904
20791,19
20792,5175
20793,777
20794,85
20795,9
20796,672
20798,66
20799,2461
20800,1513
20801,1726
20802,1735
20803,143
20804,387
20805,114
20806,1722
20807,4035
20808,128
20809,2961
20810,48
20811,1937
20812,2822
20813,541
20814,861
20815,1327
20816,160
20817,1408
20818,160
20819,2048
20820,262
20821,5
20822,35
20823,176
20824,534
20825,19
20826,318
20827,1351
20828,181
20829,6849
20830,244
20831,1066
20832,4811
20833,484
20834,312
20835,1022
20836,106
20837,1240
20838,48
20839,1338
20840,1978
20842,210
20843,855
20844,336
20845,1153
20846,461
20847,106
20848,104
20849,2419
20850,8352
20851,429
20852,174
20853,4889
20854,830
20855,20
20856,1186
20857,26
20858,24
20859,74
20860,28
20861,143
20862,421
20863,263
20864,2
20865,2
20866,922
20868,100
20869,1839
20870,196
20871,430
20872,4360
20873,53
20874,54
20876,4518
20877,961
20878,123
20879,2839
20880,1871
20881,1123
20882,380
20883,272
20884,918
20885,1
20886,1
20887,6
20888,6
20889,1113
20890,23
20891,159
20892,93
20893,67
20894,32
20895,685
20896,93
20897,47
20898,24
20899,22
20900,456
20901,561
20902,93
20903,17
20904,84
20905,15
20906,214
20907,1266
20908,204
20909,89
20910,3765
20911,41
20912,3690
20913,1962
20914,60
20915,242
20916,205
20917,28
20918,3371
20919,7
20920,7797
20921,71
20922,659
20923,6390
20924,250
20925,59
20926,810
20927,218
20928,226
20929,83
20930,846
20931,8293
20932,376
20933,147
20934,141
20935,2438
20936,40
20937,6
20938,348
20939,49
20940,222
20941,116
20942,15
20943,197
20944,242
20945,448
20946,3199
20947,299
20948,97
20949,294
20950,158
20951,1483
20952,376
20953,757
20954,1270
20955,4834
20956,208
20957,1
20958,1397
20959,126
20960,664
20961,1
20962,244
20963,1368
20964,2263
20965,506
20966,4366
20968,1174
20970,46
20972,1383
20974,6
20975,10
20976,6
20978,238
20979,1124
20981,1522
20983,1201
20984,2113
20985,13
20986,306
20987,3402
20988,46
20989,52
20990,106
20991,677
20992,3360
20993,4036
20994,5294
20995,1282
20996,1032
20997,6470
20998,130
20999,101
21000,2536
21001,102
21002,755
21003,144
21004,79
21005,2517
21006,2760
21007,517
21008,323
21009,628
21010,841
21011,340
21013,113
21014,203
21015,86
21016,123
21017,106
21018,1061
21019,40
21020,15
21021,9
21022,8
21023,7
21024,8
21025,2
21026,103
21027,3
21028,14
21029,60
21030,84
21031,1271
21032,6
21033,1970
21034,1017
21035,4
21036,13
21037,3
21038,1436
21039,1399
21040,179
21041,99
21042,454
21043,171
21044,229
21045,604
21046,539
21047,1
21048,1
21049,3473
21050,245
21051,820
21052,1
21053,409
21054,387
21055,976
21056,450
21057,264
21058,3037
21059,1089
21060,43
21061,128
21062,170
21063,44
21064,1249
21066,2140
21067,116
21068,470
21069,392
21070,29
21071,336
21072,40
21073,33
21074,83
21075,484
21076,111
21077,1043
21078,2237
21079,361
21081,46
21082,60
21083,32
21084,31
21085,613
21086,74
21087,9717
21088,1171
21089,52
21090,36
21091,973
21092,3656
21093,3416
21094,556
21096,452
21097,10
21098,730
21100,114
21101,30
21102,69
21103,1198
21104,893
21105,41
21106,25
21107,34
21108,735
21109,36
21110,1676
21111,42
21112,1280
21113,388
21114,210
21115,116
21116,743
21117,26
21118,431
21119,126
21120,125
21121,56
21122,279
21123,1791
21124,52
21125,93
21126,397
21127,26
21128,5635
21129,193
21130,49
21131,3483
21132,1522
21134,6
21135,76
21136,374
21137,35
21138,654
21139,75
21140,257
21141,30
21142,29
21143,26
21144,67
21145,44
21146,80
21147,67
21148,48
21149,31
21150,33
21151,17
21153,32
21154,81
21155,225
21156,304
21157,20
21158,225
21159,27
21160,39
21161,26
21162,29
21163,30
21164,10
21165,31
21166,58
21167,28
21168,62
21169,48
21170,2737
21171,169
21173,41
21175,45
21176,66
21177,655
21178,392
21179,461
21180,174
21181,2
21182,523
21183,64
21184,15
21185,71
21186,299
21187,816
21188,1550
21189,1460
21190,1988
21191,27
21192,793
21193,38
21194,101
21195,61
21196,4063
21197,624
21198,1
21199,58
21200,1
21201,803
21202,5642
21203,1
21204,669
21205,47
21207,15
21208,184
21209,200
21210,3
21211,21
21212,400
21213,881
21214,703
21215,35
21217,72
21218,820
21219,30
21220,1360
21221,1658
21222,130
21223,56
21224,442
21225,486
21226,5
21227,4
21228,73
21229,29
21230,260
21231,76
21232,33
21233,53
21234,7359
21235,472
21236,15
21237,2
21238,650
21239,898
21240,54
21241,831
21242,336
21243,796
21244,94
21245,132
21246,549
21247,727
21248,215
21249,840
21250,81
21251,132
21252,801
21253,253
21254,5
21255,409
21256,2600
21257,26
21258,1262
21260,126
21261,982
21262,2223
21264,575
21265,166
21266,190
21267,5
21268,1008
21269,803
21270,34
21271,44
21274,171
21275,1236
21276,155
21277,211
21278,33
21279,328
21280,64
21281,866
21282,5
21283,220
21284,2022
21285,172
21286,75
21287,133
21288,68
21289,59
21290,2232
21291,1569
21292,818
21293,244
21294,2
21295,14
21296,661
21297,190
21298,138
21299,32
21300,629
21301,320
21302,397
21303,388
21304,22
21305,302
21306,2908
21307,48
21308,1
21311,3285
21312,378
21313,519
21314,25
21315,427
21316,772
21317,47
21318,823
21319,1185
21320,394
21321,541
21323,23
21324,60
21325,240
21326,1108
21327,574
21328,349
21329,711
21330,1462
21331,289
21332,256
21333,49
21334,563
21335,355
21336,104
21337,21
21338,182
21339,1114
21340,898
21341,2329
21342,38
21343,116
21344,1
21345,50
21347,34
21348,229
21349,325
21350,106
21351,200
21352,1
21354,37
21355,5297
21356,202
21357,244
21358,61
21359,721
21360,466
21361,19
21362,1448
21363,2
21364,3398
21365,2291
21366,826
21368,1
21369,22
21370,51
21371,31
21372,41
21373,17
21374,25
21375,29
21376,768
21377,34
21378,766
21379,631
21380,1091
21381,329
21382,1070
21383,38
21384,932
21385,1053
21386,2545
21387,188
21388,40
21389,277
21390,2015
21391,24
21392,38
21393,8
21394,1025
21395,12
21396,26
21397,12
21398,40
21399,773
21400,94
21401,36
21402,52
21403,339
21404,233
21405,105
21406,808
21407,8
21408,11
21409,59
21410,1502
21411,49
21412,2
21413,95
21414,406
21415,382
21416,1283
21417,553
21418,1
21419,33
21420,40
21421,3821
21422,405
21423,823
21424,1140
21425,36
21426,94
21427,44
21428,3859
21429,3
21431,157
21432,393
21433,29
21434,89
21435,290
21437,26
21438,97
21439,308
21440,131
21441,97
21442,88
21443,35
21444,1071
21445,1495
21446,12
21447,10
21449,59
21450,1221
21451,5
21452,4
21453,3
21454,7
21455,1945
21457,1385
21458,335
21459,5610
21460,1222
21462,351
21463,31
21464,6
21465,185
21466,51
21467,43
21468,51
21469,5
21470,84
21471,708
21472,1324
21473,300
21474,15
21475,8
21476,214
21477,188
21478,18
21479,18
21480,18
21482,816
21483,437
21484,16
21485,260
21486,17
21487,136
21489,359
21490,465
21491,29
21492,85
21493,157
21494,92
21495,2022
21496,218
21497,507
21498,259
21499,663
21500,860
21501,259
21502,171
21503,72
21504,10
21505,81
21506,47
21507,3710
21508,61
21509,1177
21510,242
21511,439
21512,1
21513,277
21514,9
21515,16
21516,576
21517,204
21518,3201
21519,3005
21520,951
21521,63
21522,36
21523,33
21524,55
21525,38
21526,40
21527,30
21528,31
21529,29
21530,7
21531,25
21532,35
21533,38
21534,198
21535,54
21536,28
21537,20
21538,28
21539,24
21540,376
21541,25
21542,27
21543,15
21544,208
21545,21
21546,47
21547,45
21548,27
21549,49
21550,24
21551,24
21553,2
21554,54
21557,1019
21558,777
21559,3
21560,1088
21561,36
21562,9
21563,136
21564,88
21565,634
21567,2128
21570,212
21571,1
21572,5
21573,406
21574,1471
21575,24
21576,23
21577,1029
21578,602
21579,446
21580,6
21581,10
21582,19
21583,12
21584,1061
21585,252
21586,334
21587,173
21588,137
21589,29
21590,138
21591,69
21592,38
21593,107
21594,12
21595,2624
21596,495
21597,308
21598,21
21599,533
21600,1
21601,20
21603,3
21605,5
21606,6
21607,30
21608,643
21609,193
21610,769
21611,215
21612,217
21613,1570
21614,10
21615,53
21616,33
21617,54
21618,37
21619,34
21620,42
21621,24
21622,22
21624,734
21626,1113
21627,743
21628,4
21629,826
21631,674
21632,58
21633,13
21634,36
21636,251
21637,1422
21638,105
21639,1296
21640,287
21641,133
21642,50
21643,797
21644,5
21645,56
21646,99
21647,2169
21648,29
21649,209
21650,207
21651,69
21652,3
21653,20
21654,24
21655,38
21656,53
21657,136
21658,143
21659,1688
21660,615
21661,155
21662,98
21664,34
21666,161
21667,33
21668,19
21670,22
21672,1
21674,213
21676,23
21677,240
21678,54
21679,1732
21681,60
21682,3
21684,7
21685,62
21686,754
21687,92
21688,19
21691,152
21693,10
21694,109
21695,227
21696,430
21697,19
21698,2063
21699,2677
21700,653
21701,1245
21702,457
21703,632
21704,451
21705,75
21706,1
21707,127
21708,1071
21709,2344
21710,616
21711,2098
21713,435
21714,1026
21715,398
21716,43
21717,2
21718,4
21719,4
21721,154
21722,32
21724,1
21725,1
21726,3
21728,622
21729,466
21730,2
21731,304
21732,722
21733,495
21734,30
21736,87
21737,64
21738,2
21739,1
21740,231
21741,326
21742,1
21743,157
21744,132
21745,6
21746,3
21747,94
21748,3
21749,417
21750,36
21751,242
21752,36
21753,97
21754,24
21755,26
21757,98
21758,24
21759,43
21760,99
21761,3
21762,15
21763,10
21764,963
21765,90
21766,3
21767,61
21768,3
21769,833
21771,57
21772,357
21773,6
21774,258
21775,8
21776,2054
21777,347
21779,1
21780,453
21782,562
21783,102
21784,47
21785,12
21786,47
21788,6
21789,25
21790,125
21791,7
21792,40
21793,7
21794,2
21795,194
21796,2
21797,8
21798,2
21799,994
21800,137
21802,230
21803,1
21804,579
21805,3
21806,43
21807,26
21808,24
21809,2
21811,10
21812,34
21813,3
21814,84
21815,84
21816,135
21817,87
21818,51
21819,21
21820,3
21821,11
21822,50
21823,733
21824,150
21825,1105
21826,38
21827,2
21828,30
21829,3
21831,347
21832,245
21834,5
21835,53
21836,188
21837,192
21838,1057
21839,69
21840,488
21841,265
21842,160
21845,1
21847,1
21849,17
21850,196
21851,346
21852,348
21853,243
21854,252
21856,55
21857,1872
21858,17
21859,38
21860,13
21861,1497
21862,555
21863,42
21864,14
21865,13
21866,19
21867,24
21868,32
21869,25
21870,6
21871,191
21872,20
21873,187
21874,387
21875,4
21876,86
21877,10
21878,1173
21879,1
21880,102
21881,8
21882,5
21883,1
21885,3
21886,146
21887,867
21888,8
21889,10
21890,36
21891,265
21892,168
21893,95
21894,3
21895,43
21896,163
21897,133
21898,35
30230,1
30749,1
30901,1
31163,1
31442,1
31636,1
31637,1
31859,1
31914,1
32023,1
32083,1
32214,1
39419,1
44741,1
50557,1
50725,1
50857,2
50871,2
50913,1
51055,1
51065,1
51075,1
51081,1
51107,1
51409,1
51451,2
51591,1
51875,1
52049,2
52411,1
52513,2
52539,5
52661,2
52673,1
52695,2
52699,2
53043,2
53055,1
53063,1
53115,4
53179,1
53369,3
53483,3
54049,1
54051,1
54179,2
54197,1
54527,1
54811,1
54843,1
54847,1
55257,1
55375,1
55495,1
55549,1
55833,1
57821,20
57891,10
57993,1
58351,2
58405,3
58447,1
58479,1
58587,1
58631,1
58683,2
58717,1
58761,1
58775,1
58957,8
59123,1
59141,1
59173,1
59223,4
59291,1
59317,10
59419,1
59597,1
59707,1
59757,1
59949,3
60415,1
60425,1
60429,1
60431,1
60585,2
60663,1
60745,1
60885,3
60903,1
60915,2
60939,1
61115,3
61137,1
61145,1
61251,10
61289,3
61561,6
61675,1
61807,2
62191,1
62485,5
62699,1
63241,2
87435,117
87437,15
87438,18
87456,15
87457,6
87475,37
87476,1
87480,86
87481,11
87482,8
87483,8
87484,12
87485,6
87486,72
87487,67
87488,15
87489,220
87496,254
87499,6
87500,13
87501,20
87505,164
87506,102
87507,88
87517,51
87518,1
87526,145
87528,46
87529,58
87530,61
87533,12
87538,18
87539,266
97589,24
97590,165
97591,480
97592,1573
97593,20
97594,18
97595,14
97607,4
97608,42
97609,257
97610,8
97616,320
97617,4
97618,79
97619,19
97621,37
97622,12
97623,25
97624,11
97625,214
97631,1
97634,3
97635,204
97636,448
97637,198
97642,3
97643,73
97645,579
97660,7
97663,2
97665,430
97667,45
97668,2
97669,70
97670,3
97672,777
97673,384
97674,1
97682,14
97709,4
97715,2
97716,365
97730,581
97731,1682
97734,258
97735,6
97745,67
97756,1
97757,2
97765,1
97767,2
97773,32
97774,19
97775,4
97776,98
97809,13
97810,8
97815,824
97818,78
97819,3
97820,39
97821,10
97850,6
97851,6
97853,1
97854,1
97855,1
97856,9
97857,331
97858,29
97859,21
97860,1
97861,3
97862,26
97863,1
97874,75
97875,372
97880,1
97886,1
97889,373
97890,93
97891,104
97892,4
97903,1
97905,4
97906,1
97909,3
97910,1
97911,21
97912,3
97913,1
97914,2
97915,96
97916,6
97917,4
97918,3
97932,165
97933,1
97936,32
97938,6
97939,1
97947,3
97951,65
97952,8
97954,4
97955,22
97956,9
97958,11
97959,31
97961,6
97962,87
97963,7
97964,37
97965,24
97966,38
97967,26
97968,9
97969,87
97978,18
97980,8
97983,139
97985,138
97989,4
97996,11
98004,60
98031,157
98032,2
98033,74
98035,3
98045,7
98058,1
98059,2
98060,164
98069,1
98077,1
98078,2
98079,3
98080,9
98081,4
98085,2
98089,35
98090,5
98091,10
98092,5
98093,1
98094,17
98095,14
98096,15
98104,1
98105,9
98106,10
98129,2
98133,14
98134,17
98135,3
98136,7
98137,1
98141,20
98142,36
98143,37
98153,189
98173,6
98186,60
98202,7
98203,38
98207,2
98208,3
98209,3
98212,2
98220,20
98222,7
98225,19
98239,47
98240,1
98249,1
98252,9
98292,1
98307,3
98308,3
98309,2
98332,13
98338,9
98344,92
98379,2
98384,1
98402,2
98425,9
98432,1
98433,2
98434,1
98451,2
98474,2
98480,3
98491,1
98495,2
98502,4
98507,1
98511,67
98524,126
98525,15
98527,1
98528,2
98536,2
98547,2
98552,3
98553,6
98554,1
98567,12
98568,7
98573,3
98575,1
98576,1
98579,1
98580,6
98582,4
98604,21
98622,2
98623,1
98629,83
98635,1
98642,1
98662,10
98663,7
98697,13
98702,1
98703,22
98704,13
98744,1
98745,21
98746,3
98759,4
98760,3
98761,2
98768,1
98772,1
98778,3
98785,2
98791,1
98810,5
98814,52
98833,1
98843,6
98847,1
98856,1
98860,3
98861,161
98862,2
98863,3
98872,1
98902,1
98962,2
98964,2
98965,1
98966,5
98967,1
98968,2
98969,2
98970,1
98971,1
98976,2
98997,2
99001,4
99002,18
99010,1
99031,11
99054,30
99111,5
99112,2
99152,12
99153,9
99164,8
99165,7
99200,15
99208,2
99210,1
99211,1
99212,1
99213,2
99214,3
99215,2
99216,1
99217,3
